SID,SEASON,NUMBER,BASIN,SUBBASIN,NAME,ISO_TIME,NATURE,LAT,LON,WMO_WIND,WMO_PRES,WMO_AGENCY,TRACK_TYPE,DIST2LAND,LANDFALL,IFLAG,USA_AGENCY,USA_ATCF_ID,USA_LAT,USA_LON,USA_RECORD,USA_STATUS,USA_WIND,USA_PRES,USA_SSHS,USA_R34_NE,USA_R34_SE,USA_R34_SW,USA_R34_NW,USA_R50_NE,USA_R50_SE,USA_R50_SW,USA_R50_NW,USA_R64_NE,USA_R64_SE,USA_R64_SW,USA_R64_NW,USA_POCI,USA_ROCI,USA_RMW,USA_EYE,TOKYO_LAT,TOKYO_LON,TOKYO_GRADE,TOKYO_WIND,TOKYO_PRES,TOKYO_R50_DIR,TOKYO_R50_LONG,TOKYO_R50_SHORT,TOKYO_R30_DIR,TOKYO_R30_LONG,TOKYO_R30_SHORT,TOKYO_LAND,CMA_LAT,CMA_LON,CMA_CAT,CMA_WIND,CMA_PRES,HKO_LAT,HKO_LON,HKO_CAT,HKO_WIND,HKO_PRES,KMA_LAT,KMA_LON,KMA_CAT,KMA_WIND,KMA_PRES,KMA_R50_DIR,KMA_R50_LONG,KMA_R50_SHORT,KMA_R30_DIR,KMA_R30_LONG,KMA_R30_SHORT,NEWDELHI_LAT,NEWDELHI_LON,NEWDELHI_GRADE,NEWDELHI_WIND,NEWDELHI_PRES,NEWDELHI_CI,NEWDELHI_DP,NEWDELHI_POCI,REUNION_LAT,REUNION_LON,REUNION_TYPE,REUNION_WIND,REUNION_PRES,REUNION_TNUM,REUNION_CI,REUNION_RMW,REUNION_R34_NE,REUNION_R34_SE,REUNION_R34_SW,REUNION_R34_NW,REUNION_R50_NE,REUNION_R50_SE,REUNION_R50_SW,REUNION_R50_NW,REUNION_R64_NE,REUNION_R64_SE,REUNION_R64_SW,REUNION_R64_NW,BOM_LAT,BOM_LON,BOM_TYPE,BOM_WIND,BOM_PRES,BOM_TNUM,BOM_CI,BOM_RMW,BOM_R34_NE,BOM_R34_SE,BOM_R34_SW,BOM_R34_NW,BOM_R50_NE,BOM_R50_SE,BOM_R50_SW,BOM_R50_NW,BOM_R64_NE,BOM_R64_SE,BOM_R64_SW,BOM_R64_NW,BOM_ROCI,BOM_POCI,BOM_EYE,BOM_POS_METHOD,BOM_PRES_METHOD,NADI_LAT,NADI_LON,NADI_CAT,NADI_WIND,NADI_PRES,WELLINGTON_LAT,WELLINGTON_LON,WELLINGTON_WIND,WELLINGTON_PRES,DS824_LAT,DS824_LON,DS824_STAGE,DS824_WIND,DS824_PRES,TD9636_LAT,TD9636_LON,TD9636_STAGE,TD9636_WIND,TD9636_PRES,TD9635_LAT,TD9635_LON,TD9635_WIND,TD9635_PRES,TD9635_ROCI,NEUMANN_LAT,NEUMANN_LON,NEUMANN_CLASS,NEUMANN_WIND,NEUMANN_PRES,MLC_LAT,MLC_LON,MLC_CLASS,MLC_WIND,MLC_PRES,USA_GUST,BOM_GUST,BOM_GUST_PER,REUNION_GUST,REUNION_GUST_PER,USA_SEAHGT,USA_SEARAD_NE,USA_SEARAD_SE,USA_SEARAD_SW,USA_SEARAD_NW,STORM_SPEED,STORM_DIR
 ,Year, , , , , , ,degrees_north,degrees_east,kts,mb, , ,km,km, , , ,degrees_north,degrees_east, , ,kts,mb,1,nmile,nmile,nmile,nmile,nmile,nmile,nmile,nmile,nmile,nmile,nmile,nmile,mb,nmile,nmile,nmile,degrees_north,degrees_east,1,kts,mb, ,nmile,nmile, ,nmile,nmile,1,degrees_north,degrees_east,1,kts,mb,degrees_north,degrees_east, ,kts,mb,degrees_north,degrees_east, ,kts,mb, ,nmile,nmile, ,nmile,nmile,degrees_north,degrees_east, ,kts,mb,1,mb,mb,degrees_north,degrees_east, ,kts,mb,1,1,nmile,nmile,nmile,nmile,nmile,nmile,nmile,nmile,nmile,nmile,nmile,nmile,nmile,degrees_north,degrees_east, ,kts,mb,1,1,nmile,nmile,nmile,nmile,nmile,nmile,nmile,nmile,nmile,nmile,nmile,nmile,nmile,nmile,mb,nmile, , ,degrees_north,degrees_east,1,kts,mb,degrees_north,degrees_east,kts,mb,degrees_north,degrees_east, ,kts,mb,degrees_north,degrees_east, ,kts,mb,degrees_north,degrees_east,kts,mb,nmile,degrees_north,degrees_east, ,kts,mb,degrees_north,degrees_east, ,kts,mb,kts,kts,second,kts,second,ft,nmile,nmile,nmile,nmile,kts,degrees
1884177N17124,1884,14,WP,MM,UNNAMED,1884-06-24 16:00:00,NR,16.5,124.0, , , ,main,165,145,___________O___, , , , , , , , ,-5, , , , , , , , , , , , , , , , , , , , , , , , , , , , , , , , , , , , , , , , , , , , , , , , , , , , , , , , , , , , , , , , , , , , , , , , , , , , , , , , , , , , , , , , , , , , , , , , , , , , , , , , , , , , , , , , , , , , ,16.5,124.0,7, , , , , , , , , , , , , , , , , , , , , , , , , , , ,6,280
1884177N17124,1884,14,WP,MM,UNNAMED,1884-06-24 18:00:00,NR,16.5,123.8, , , ,main,145,111,___________P___, , , , , , , , ,-5, , , , , , , , , , , , , , , , , , , , , , , , , , , , , , , , , , , , , , , , , , , , , , , , , , , , , , , , , , , , , , , , , , , , , , , , , , , , , , , , , , , , , , , , , , , , , , , , , , , , , , , , , , , , , , , , , , , , ,16.5,123.8,7, , , , , , , , , , , , , , , , , , , , , , , , , , , ,6,280
1884177N17124,1884,14,WP,MM,UNNAMED,1884-06-24 21:00:00,NR,16.6,123.5, , , ,main,111,77,___________P___, , , , , , , , ,-5, , , , , , , , , , , , , , , , , , , , , , , , , , , , , , , , , , , , , , , , , , , , , , , , , , , , , , , , , , , , , , , , , , , , , , , , , , , , , , , , , , , , , , , , , , , , , , , , , , , , , , , , , , , , , , , , , , , , ,16.6,123.5,7, , , , , , , , , , , , , , , , , , , , , , , , , , , ,6,285
1884177N17124,1884,14,WP,MM,UNNAMED,1884-06-25 00:00:00,NR,16.7,123.2, , , ,main,77,44,___________P___, , , , , , , , ,-5, , , , , , , , , , , , , , , , , , , , , , , , , , , , , , , , , , , , , , , , , , , , , , , , , , , , , , , , , , , , , , , , , , , , , , , , , , , , , , , , , , , , , , , , , , , , , , , , , , , , , , , , , , , , , , , , , , , , ,16.7,123.2,7, , , , , , , , , , , , , , , , , , , , , , , , , , , ,6,285
1884177N17124,1884,14,WP,MM,UNNAMED,1884-06-25 03:00:00,NR,16.8,122.9, , , ,main,44,33,___________P___, , , , , , , , ,-5, , , , , , , , , , , , , , , , , , , , , , , , , , , , , , , , , , , , , , , , , , , , , , , , , , , , , , , , , , , , , , , , , , , , , , , , , , , , , , , , , , , , , , , , , , , , , , , , , , , , , , , , , , , , , , , , , , , , ,16.8,122.9,7, , , , , , , , , , , , , , , , , , , , , , , , , , , ,6,290
1884177N17124,1884,14,WP,MM,UNNAMED,1884-06-25 04:00:00,NR,16.8,122.8, , , ,main,33,10,___________O___, , , , , , , , ,-5, , , , , , , , , , , , , , , , , , , , , , , , , , , , , , , , , , , , , , , , , , , , , , , , , , , , , , , , , , , , , , , , , , , , , , , , , , , , , , , , , , , , , , , , , , , , , , , , , , , , , , , , , , , , , , , , , , , , ,16.8,122.8,7, , , , , , , , , , , , , , , , , , , , , , , , , , , ,6,295
1884177N17124,1884,14,WP,MM,UNNAMED,1884-06-25 06:00:00,NR,16.9,122.6, , , ,main,10,0,___________P___, , , , , , , , ,-5, , , , , , , , , , , , , , , , , , , , , , , , , , , , , , , , , , , , , , , , , , , , , , , , , , , , , , , , , , , , , , , , , , , , , , , , , , , , , , , , , , , , , , , , , , , , , , , , , , , , , , , , , , , , , , , , , , , , ,16.9,122.6,7, , , , , , , , , , , , , , , , , , , , , , , , , , , ,6,295
1884177N17124,1884,14,WP,MM,UNNAMED,1884-06-25 09:00:00,NR,17.0,122.3, , , ,main,0,0,___________P___, , , , , , , , ,-5, , , , , , , , , , , , , , , , , , , , , , , , , , , , , , , , , , , , , , , , , , , , , , , , , , , , , , , , , , , , , , , , , , , , , , , , , , , , , , , , , , , , , , , , , , , , , , , , , , , , , , , , , , , , , , , , , , , , ,17.0,122.3,7, , , , , , , , , , , , , , , , , , , , , , , , , , , ,6,300
1884177N17124,1884,14,WP,MM,UNNAMED,1884-06-25 12:00:00,NR,17.2,122.0, , , ,main,0,0,___________P___, , , , , , , , ,-5, , , , , , , , , , , , , , , , , , , , , , , , , , , , , , , , , , , , , , , , , , , , , , , , , , , , , , , , , , , , , , , , , , , , , , , , , , , , , , , , , , , , , , , , , , , , , , , , , , , , , , , , , , , , , , , , , , , , ,17.2,122.0,7, , , , , , , , , , , , , , , , , , , , , , , , , , , ,7,300
1884177N17124,1884,14,WP,MM,UNNAMED,1884-06-25 15:00:00,NR,17.3,121.7, , , ,main,0,0,___________P___, , , , , , , , ,-5, , , , , , , , , , , , , , , , , , , , , , , , , , , , , , , , , , , , , , , , , , , , , , , , , , , , , , , , , , , , , , , , , , , , , , , , , , , , , , , , , , , , , , , , , , , , , , , , , , , , , , , , , , , , , , , , , , , , ,17.3,121.7,7, , , , , , , , , , , , , , , , , , , , , , , , , , , ,7,300
1884177N17124,1884,14,WP,MM,UNNAMED,1884-06-25 16:00:00,NR,17.4,121.6, , , ,main,0,0,___________O___, , , , , , , , ,-5, , , , , , , , , , , , , , , , , , , , , , , , , , , , , , , , , , , , , , , , , , , , , , , , , , , , , , , , , , , , , , , , , , , , , , , , , , , , , , , , , , , , , , , , , , , , , , , , , , , , , , , , , , , , , , , , , , , , ,17.4,121.6,7, , , , , , , , , , , , , , , , , , , , , , , , , , , ,7,300
1884177N17124,1884,14,WP,MM,UNNAMED,1884-06-25 18:00:00,NR,17.5,121.4, , , ,main,0,0,___________P___, , , , , , , , ,-5, , , , , , , , , , , , , , , , , , , , , , , , , , , , , , , , , , , , , , , , , , , , , , , , , , , , , , , , , , , , , , , , , , , , , , , , , , , , , , , , , , , , , , , , , , , , , , , , , , , , , , , , , , , , , , , , , , , , ,17.5,121.4,7, , , , , , , , , , , , , , , , , , , , , , , , , , , ,7,295
1884177N17124,1884,14,WP,MM,UNNAMED,1884-06-25 21:00:00,NR,17.6,121.1, , , ,main,0,0,___________P___, , , , , , , , ,-5, , , , , , , , , , , , , , , , , , , , , , , , , , , , , , , , , , , , , , , , , , , , , , , , , , , , , , , , , , , , , , , , , , , , , , , , , , , , , , , , , , , , , , , , , , , , , , , , , , , , , , , , , , , , , , , , , , , , ,17.6,121.1,7, , , , , , , , , , , , , , , , , , , , , , , , , , , ,7,295
1884177N17124,1884,14,WP,MM,UNNAMED,1884-06-26 00:00:00,NR,17.8,120.8, , , ,main,0,0,___________P___, , , , , , , , ,-5, , , , , , , , , , , , , , , , , , , , , , , , , , , , , , , , , , , , , , , , , , , , , , , , , , , , , , , , , , , , , , , , , , , , , , , , , , , , , , , , , , , , , , , , , , , , , , , , , , , , , , , , , , , , , , , , , , , , ,17.8,120.8,7, , , , , , , , , , , , , , , , , , , , , , , , , , , ,6,300
1884177N17124,1884,14,WP,MM,UNNAMED,1884-06-26 03:00:00,NR,17.9,120.5, , , ,main,0,0,___________P___, , , , , , , , ,-5, , , , , , , , , , , , , , , , , , , , , , , , , , , , , , , , , , , , , , , , , , , , , , , , , , , , , , , , , , , , , , , , , , , , , , , , , , , , , , , , , , , , , , , , , , , , , , , , , , , , , , , , , , , , , , , , , , , , ,17.9,120.5,7, , , , , , , , , , , , , , , , , , , , , , , , , , , ,6,300
1884177N17124,1884,14,WP,MM,UNNAMED,1884-06-26 04:00:00,NR,18.0,120.4, , , ,main,10,10,___________O___, , , , , , , , ,-5, , , , , , , , , , , , , , , , , , , , , , , , , , , , , , , , , , , , , , , , , , , , , , , , , , , , , , , , , , , , , , , , , , , , , , , , , , , , , , , , , , , , , , , , , , , , , , , , , , , , , , , , , , , , , , , , , , , , ,18.0,120.4,7, , , , , , , , , , , , , , , , , , , , , , , , , , , ,6,300
1884177N17124,1884,14,WP,MM,UNNAMED,1884-06-26 06:00:00,NR,18.1,120.2, , , ,main,31,31,___________P___, , , , , , , , ,-5, , , , , , , , , , , , , , , , , , , , , , , , , , , , , , , , , , , , , , , , , , , , , , , , , , , , , , , , , , , , , , , , , , , , , , , , , , , , , , , , , , , , , , , , , , , , , , , , , , , , , , , , , , , , , , , , , , , , ,18.1,120.2,7, , , , , , , , , , , , , , , , , , , , , , , , , , , ,6,300
1884177N17124,1884,14,WP,MM,UNNAMED,1884-06-26 09:00:00,NR,18.2,120.0, , , ,main,54,54,___________P___, , , , , , , , ,-5, , , , , , , , , , , , , , , , , , , , , , , , , , , , , , , , , , , , , , , , , , , , , , , , , , , , , , , , , , , , , , , , , , , , , , , , , , , , , , , , , , , , , , , , , , , , , , , , , , , , , , , , , , , , , , , , , , , , ,18.2,120.0,7, , , , , , , , , , , , , , , , , , , , , , , , , , , ,6,300
1884177N17124,1884,14,WP,MM,UNNAMED,1884-06-26 12:00:00,NR,18.4,119.7, , , ,main,90,90,___________P___, , , , , , , , ,-5, , , , , , , , , , , , , , , , , , , , , , , , , , , , , , , , , , , , , , , , , , , , , , , , , , , , , , , , , , , , , , , , , , , , , , , , , , , , , , , , , , , , , , , , , , , , , , , , , , , , , , , , , , , , , , , , , , , , ,18.4,119.7,7, , , , , , , , , , , , , , , , , , , , , , , , , , , ,6,305
1884177N17124,1884,14,WP,MM,UNNAMED,1884-06-26 15:00:00,NR,18.5,119.5, , , ,main,114,114,___________P___, , , , , , , , ,-5, , , , , , , , , , , , , , , , , , , , , , , , , , , , , , , , , , , , , , , , , , , , , , , , , , , , , , , , , , , , , , , , , , , , , , , , , , , , , , , , , , , , , , , , , , , , , , , , , , , , , , , , , , , , , , , , , , , , ,18.5,119.5,7, , , , , , , , , , , , , , , , , , , , , , , , , , , ,6,305
1884177N17124,1884,14,WP,MM,UNNAMED,1884-06-26 16:00:00,NR,18.6,119.4, , , ,main,128,128,___________O___, , , , , , , , ,-5, , , , , , , , , , , , , , , , , , , , , , , , , , , , , , , , , , , , , , , , , , , , , , , , , , , , , , , , , , , , , , , , , , , , , , , , , , , , , , , , , , , , , , , , , , , , , , , , , , , , , , , , , , , , , , , , , , , , ,18.6,119.4,7, , , , , , , , , , , , , , , , , , , , , , , , , , , ,6,310
1884177N17124,1884,14,WP,MM,UNNAMED,1884-06-26 18:00:00,NR,18.7,119.2, , , ,main,151,151,___________P___, , , , , , , , ,-5, , , , , , , , , , , , , , , , , , , , , , , , , , , , , , , , , , , , , , , , , , , , , , , , , , , , , , , , , , , , , , , , , , , , , , , , , , , , , , , , , , , , , , , , , , , , , , , , , , , , , , , , , , , , , , , , , , , , ,18.7,119.2,7, , , , , , , , , , , , , , , , , , , , , , , , , , , ,7,310
1884177N17124,1884,14,WP,MM,UNNAMED,1884-06-26 21:00:00,NR,19.0,118.9, , , ,main,191,191,___________P___, , , , , , , , ,-5, , , , , , , , , , , , , , , , , , , , , , , , , , , , , , , , , , , , , , , , , , , , , , , , , , , , , , , , , , , , , , , , , , , , , , , , , , , , , , , , , , , , , , , , , , , , , , , , , , , , , , , , , , , , , , , , , , , , ,19.0,118.9,7, , , , , , , , , , , , , , , , , , , , , , , , , , , ,7,310
1884177N17124,1884,14,WP,MM,UNNAMED,1884-06-27 00:00:00,NR,19.2,118.7, , , ,main,219,219,___________P___, , , , , , , , ,-5, , , , , , , , , , , , , , , , , , , , , , , , , , , , , , , , , , , , , , , , , , , , , , , , , , , , , , , , , , , , , , , , , , , , , , , , , , , , , , , , , , , , , , , , , , , , , , , , , , , , , , , , , , , , , , , , , , , , ,19.2,118.7,7, , , , , , , , , , , , , , , , , , , , , , , , , , , ,7,315
1884177N17124,1884,14,WP,MM,UNNAMED,1884-06-27 03:00:00,NR,19.4,118.5, , , ,main,247,247,___________P___, , , , , , , , ,-5, , , , , , , , , , , , , , , , , , , , , , , , , , , , , , , , , , , , , , , , , , , , , , , , , , , , , , , , , , , , , , , , , , , , , , , , , , , , , , , , , , , , , , , , , , , , , , , , , , , , , , , , , , , , , , , , , , , , ,19.4,118.5,7, , , , , , , , , , , , , , , , , , , , , , , , , , , ,6,320
1884177N17124,1884,14,WP,MM,UNNAMED,1884-06-27 04:00:00,TS,19.5,118.4, , , ,main,262,262,___________O___, , , , , , , , ,-5, , , , , , , , , , , , , , , , , , , , , , , , , , , , , , , , , , , , , , , , , , , , , , , , , , , , , , , , , , , , , , , , , , , , , , , , , , , , , , , , , , , , , , , , , , , , , , , , , , , , , , , , , , , , , , , , , , , , ,19.5,118.4,4, , , , , , , , , , , , , , , , , , , , , , , , , , , ,6,320
1884177N17124,1884,14,WP,MM,UNNAMED,1884-06-27 06:00:00,TS,19.6,118.3, , , ,main,276,282,___________P___, , , , , , , , ,-5, , , , , , , , , , , , , , , , , , , , , , , , , , , , , , , , , , , , , , , , , , , , , , , , , , , , , , , , , , , , , , , , , , , , , , , , , , , , , , , , , , , , , , , , , , , , , , , , , , , , , , , , , , , , , , , , , , , , ,19.6,118.3,4, , , , , , , , , , , , , , , , , , , , , , , , , , , ,5,325
1884177N17124,1884,14,WP,MM,UNNAMED,1884-06-27 09:00:00,TS,19.9,118.1, , , ,main,311,311,___________P___, , , , , , , , ,-5, , , , , , , , , , , , , , , , , , , , , , , , , , , , , , , , , , , , , , , , , , , , , , , , , , , , , , , , , , , , , , , , , , , , , , , , , , , , , , , , , , , , , , , , , , , , , , , , , , , , , , , , , , , , , , , , , , , , ,19.9,118.1,4, , , , , , , , , , , , , , , , , , , , , , , , , , , ,5,335
1884177N17124,1884,14,WP,MM,UNNAMED,1884-06-27 12:00:00,TS,20.1,118.0, , , ,main,332,329,___________P___, , , , , , , , ,-5, , , , , , , , , , , , , , , , , , , , , , , , , , , , , , , , , , , , , , , , , , , , , , , , , , , , , , , , , , , , , , , , , , , , , , , , , , , , , , , , , , , , , , , , , , , , , , , , , , , , , , , , , , , , , , , , , , , , ,20.1,118.0,4, , , , , , , , , , , , , , , , , , , , , , , , , , , ,5,345
1884177N17124,1884,14,WP,MM,UNNAMED,1884-06-27 15:00:00,TS,20.3,118.0, , , ,main,329,319,___________P___, , , , , , , , ,-5, , , , , , , , , , , , , , , , , , , , , , , , , , , , , , , , , , , , , , , , , , , , , , , , , , , , , , , , , , , , , , , , , , , , , , , , , , , , , , , , , , , , , , , , , , , , , , , , , , , , , , , , , , , , , , , , , , , , ,20.3,118.0,4, , , , , , , , , , , , , , , , , , , , , , , , , , , ,5,350
1884177N17124,1884,14,WP,MM,UNNAMED,1884-06-27 16:00:00,TS,20.4,118.0, , , ,main,319,300,___________O___, , , , , , , , ,-5, , , , , , , , , , , , , , , , , , , , , , , , , , , , , , , , , , , , , , , , , , , , , , , , , , , , , , , , , , , , , , , , , , , , , , , , , , , , , , , , , , , , , , , , , , , , , , , , , , , , , , , , , , , , , , , , , , , , ,20.4,118.0,4, , , , , , , , , , , , , , , , , , , , , , , , , , , ,5,5
1884177N17124,1884,14,WP,MM,UNNAMED,1884-06-27 18:00:00,TS,20.6,118.0, , , ,main,300,277,___________P___, , , , , , , , ,-5, , , , , , , , , , , , , , , , , , , , , , , , , , , , , , , , , , , , , , , , , , , , , , , , , , , , , , , , , , , , , , , , , , , , , , , , , , , , , , , , , , , , , , , , , , , , , , , , , , , , , , , , , , , , , , , , , , , , ,20.6,118.0,4, , , , , , , , , , , , , , , , , , , , , , , , , , , ,6,5
1884177N17124,1884,14,WP,MM,UNNAMED,1884-06-27 21:00:00,TS,20.9,118.1, , , ,main,277,260,___________P___, , , , , , , , ,-5, , , , , , , , , , , , , , , , , , , , , , , , , , , , , , , , , , , , , , , , , , , , , , , , , , , , , , , , , , , , , , , , , , , , , , , , , , , , , , , , , , , , , , , , , , , , , , , , , , , , , , , , , , , , , , , , , , , , ,20.9,118.1,4, , , , , , , , , , , , , , , , , , , , , , , , , , , ,6,15
1884177N17124,1884,14,WP,MM,UNNAMED,1884-06-28 00:00:00,TS,21.1,118.1, , , ,main,260,240,___________P___, , , , , , , , ,-5, , , , , , , , , , , , , , , , , , , , , , , , , , , , , , , , , , , , , , , , , , , , , , , , , , , , , , , , , , , , , , , , , , , , , , , , , , , , , , , , , , , , , , , , , , , , , , , , , , , , , , , , , , , , , , , , , , , , ,21.1,118.1,4, , , , , , , , , , , , , , , , , , , , , , , , , , , ,6,20
1884177N17124,1884,14,WP,MM,UNNAMED,1884-06-28 03:00:00,TS,21.4,118.3, , , ,main,240,234,___________P___, , , , , , , , ,-5, , , , , , , , , , , , , , , , , , , , , , , , , , , , , , , , , , , , , , , , , , , , , , , , , , , , , , , , , , , , , , , , , , , , , , , , , , , , , , , , , , , , , , , , , , , , , , , , , , , , , , , , , , , , , , , , , , , , ,21.4,118.3,4, , , , , , , , , , , , , , , , , , , , , , , , , , , ,6,20
1884177N17124,1884,14,WP,MM,UNNAMED,1884-06-28 04:00:00,TS,21.5,118.3, , , ,main,234,215,___________O___, , , , , , , , ,-5, , , , , , , , , , , , , , , , , , , , , , , , , , , , , , , , , , , , , , , , , , , , , , , , , , , , , , , , , , , , , , , , , , , , , , , , , , , , , , , , , , , , , , , , , , , , , , , , , , , , , , , , , , , , , , , , , , , , ,21.5,118.3,4, , , , , , , , , , , , , , , , , , , , , , , , , , , ,5,20
1884177N17124,1884,14,WP,MM,UNNAMED,1884-06-28 06:00:00,TS,21.7,118.4, , , ,main,215,197,___________P___, , , , , , , , ,-5, , , , , , , , , , , , , , , , , , , , , , , , , , , , , , , , , , , , , , , , , , , , , , , , , , , , , , , , , , , , , , , , , , , , , , , , , , , , , , , , , , , , , , , , , , , , , , , , , , , , , , , , , , , , , , , , , , , , ,21.7,118.4,4, , , , , , , , , , , , , , , , , , , , , , , , , , , ,5,25
1884177N17124,1884,14,WP,MM,UNNAMED,1884-06-28 09:00:00,TS,21.9,118.5, , , ,main,197,180,___________P___, , , , , , , , ,-5, , , , , , , , , , , , , , , , , , , , , , , , , , , , , , , , , , , , , , , , , , , , , , , , , , , , , , , , , , , , , , , , , , , , , , , , , , , , , , , , , , , , , , , , , , , , , , , , , , , , , , , , , , , , , , , , , , , , ,21.9,118.5,4, , , , , , , , , , , , , , , , , , , , , , , , , , , ,5,30
1884177N17124,1884,14,WP,MM,UNNAMED,1884-06-28 12:00:00,TS,22.1,118.6, , , ,main,180,167,___________P___, , , , , , , , ,-5, , , , , , , , , , , , , , , , , , , , , , , , , , , , , , , , , , , , , , , , , , , , , , , , , , , , , , , , , , , , , , , , , , , , , , , , , , , , , , , , , , , , , , , , , , , , , , , , , , , , , , , , , , , , , , , , , , , , ,22.1,118.6,4, , , , , , , , , , , , , , , , , , , , , , , , , , , ,5,35
1884177N17124,1884,14,WP,MM,UNNAMED,1884-06-28 15:00:00,TS,22.2,118.7, , , ,main,167,154,___________P___, , , , , , , , ,-5, , , , , , , , , , , , , , , , , , , , , , , , , , , , , , , , , , , , , , , , , , , , , , , , , , , , , , , , , , , , , , , , , , , , , , , , , , , , , , , , , , , , , , , , , , , , , , , , , , , , , , , , , , , , , , , , , , , , ,22.2,118.7,4, , , , , , , , , , , , , , , , , , , , , , , , , , , ,5,35
1884177N17124,1884,14,WP,MM,UNNAMED,1884-06-28 16:00:00,TS,22.3,118.8, , , ,main,154,140,___________O___, , , , , , , , ,-5, , , , , , , , , , , , , , , , , , , , , , , , , , , , , , , , , , , , , , , , , , , , , , , , , , , , , , , , , , , , , , , , , , , , , , , , , , , , , , , , , , , , , , , , , , , , , , , , , , , , , , , , , , , , , , , , , , , , ,22.3,118.8,4, , , , , , , , , , , , , , , , , , , , , , , , , , , ,4,40
1884177N17124,1884,14,WP,MM,UNNAMED,1884-06-28 18:00:00,TS,22.4,118.9, , , ,main,140,127,___________P___, , , , , , , , ,-5, , , , , , , , , , , , , , , , , , , , , , , , , , , , , , , , , , , , , , , , , , , , , , , , , , , , , , , , , , , , , , , , , , , , , , , , , , , , , , , , , , , , , , , , , , , , , , , , , , , , , , , , , , , , , , , , , , , , ,22.4,118.9,4, , , , , , , , , , , , , , , , , , , , , , , , , , , ,3,50
1884177N17124,1884,14,WP,MM,UNNAMED,1884-06-28 21:00:00,TS,22.5,119.0, , , ,main,127,104,___________P___, , , , , , , , ,-5, , , , , , , , , , , , , , , , , , , , , , , , , , , , , , , , , , , , , , , , , , , , , , , , , , , , , , , , , , , , , , , , , , , , , , , , , , , , , , , , , , , , , , , , , , , , , , , , , , , , , , , , , , , , , , , , , , , , ,22.5,119.0,4, , , , , , , , , , , , , , , , , , , , , , , , , , , ,4,50
1884177N17124,1884,14,WP,MM,UNNAMED,1884-06-29 00:00:00,TS,22.6,119.2, , , ,main,104,75,___________P___, , , , , , , , ,-5, , , , , , , , , , , , , , , , , , , , , , , , , , , , , , , , , , , , , , , , , , , , , , , , , , , , , , , , , , , , , , , , , , , , , , , , , , , , , , , , , , , , , , , , , , , , , , , , , , , , , , , , , , , , , , , , , , , , ,22.6,119.2,4, , , , , , , , , , , , , , , , , , , , , , , , , , , ,5,40
1884177N17124,1884,14,WP,MM,UNNAMED,1884-06-29 03:00:00,TS,22.9,119.4, , , ,main,75,62,___________P___, , , , , , , , ,-5, , , , , , , , , , , , , , , , , , , , , , , , , , , , , , , , , , , , , , , , , , , , , , , , , , , , , , , , , , , , , , , , , , , , , , , , , , , , , , , , , , , , , , , , , , , , , , , , , , , , , , , , , , , , , , , , , , , , ,22.9,119.4,4, , , , , , , , , , , , , , , , , , , , , , , , , , , ,7,40
1884177N17124,1884,14,WP,MM,UNNAMED,1884-06-29 04:00:00,TS,23.0,119.5, , , ,main,62,42,___________O___, , , , , , , , ,-5, , , , , , , , , , , , , , , , , , , , , , , , , , , , , , , , , , , , , , , , , , , , , , , , , , , , , , , , , , , , , , , , , , , , , , , , , , , , , , , , , , , , , , , , , , , , , , , , , , , , , , , , , , , , , , , , , , , , ,23.0,119.5,4, , , , , , , , , , , , , , , , , , , , , , , , , , , ,10,30
1884177N17124,1884,14,WP,MM,UNNAMED,1884-06-29 06:00:00,TS,23.3,119.7, , , ,main,42,23,___________P___, , , , , , , , ,-5, , , , , , , , , , , , , , , , , , , , , , , , , , , , , , , , , , , , , , , , , , , , , , , , , , , , , , , , , , , , , , , , , , , , , , , , , , , , , , , , , , , , , , , , , , , , , , , , , , , , , , , , , , , , , , , , , , , , ,23.3,119.7,4, , , , , , , , , , , , , , , , , , , , , , , , , , , ,13,25
1884177N17124,1884,14,WP,MM,UNNAMED,1884-06-29 09:00:00,TS,23.9,120.0, , , ,main,30,20,___________P___, , , , , , , , ,-5, , , , , , , , , , , , , , , , , , , , , , , , , , , , , , , , , , , , , , , , , , , , , , , , , , , , , , , , , , , , , , , , , , , , , , , , , , , , , , , , , , , , , , , , , , , , , , , , , , , , , , , , , , , , , , , , , , , , ,23.9,120.0,4, , , , , , , , , , , , , , , , , , , , , , , , , , , ,14,25
1884177N17124,1884,14,WP,MM,UNNAMED,1884-06-29 12:00:00,TS,24.6,120.4, , , ,main,30,23,___________P___, , , , , , , , ,-5, , , , , , , , , , , , , , , , , , , , , , , , , , , , , , , , , , , , , , , , , , , , , , , , , , , , , , , , , , , , , , , , , , , , , , , , , , , , , , , , , , , , , , , , , , , , , , , , , , , , , , , , , , , , , , , , , , , , ,24.6,120.4,4, , , , , , , , , , , , , , , , , , , , , , , , , , , ,15,30
1884177N17124,1884,14,WP,MM,UNNAMED,1884-06-29 15:00:00,TS,25.2,120.8, , , ,main,30,24,___________P___, , , , , , , , ,-5, , , , , , , , , , , , , , , , , , , , , , , , , , , , , , , , , , , , , , , , , , , , , , , , , , , , , , , , , , , , , , , , , , , , , , , , , , , , , , , , , , , , , , , , , , , , , , , , , , , , , , , , , , , , , , , , , , , , ,25.2,120.8,4, , , , , , , , , , , , , , , , , , , , , , , , , , , ,15,35
1884177N17124,1884,14,WP,MM,UNNAMED,1884-06-29 16:00:00,NR,25.4,121.0, , , ,main,39,39,___________O___, , , , , , , , ,-5, , , , , , , , , , , , , , , , , , , , , , , , , , , , , , , , , , , , , , , , , , , , , , , , , , , , , , , , , , , , , , , , , , , , , , , , , , , , , , , , , , , , , , , , , , , , , , , , , , , , , , , , , , , , , , , , , , , , ,25.4,121.0,7, , , , , , , , , , , , , , , , , , , , , , , , , , , ,14,45
1884177N17124,1884,14,WP,MM,UNNAMED,1884-06-29 18:00:00,NR,25.7,121.4, , , ,main,55,55,___________P___, , , , , , , , ,-5, , , , , , , , , , , , , , , , , , , , , , , , , , , , , , , , , , , , , , , , , , , , , , , , , , , , , , , , , , , , , , , , , , , , , , , , , , , , , , , , , , , , , , , , , , , , , , , , , , , , , , , , , , , , , , , , , , , , ,25.7,121.4,7, , , , , , , , , , , , , , , , , , , , , , , , , , , ,13,50
1884177N17124,1884,14,WP,MM,UNNAMED,1884-06-29 21:00:00,NR,26.1,122.0, , , ,main,108,108,___________P___, , , , , , , , ,-5, , , , , , , , , , , , , , , , , , , , , , , , , , , , , , , , , , , , , , , , , , , , , , , , , , , , , , , , , , , , , , , , , , , , , , , , , , , , , , , , , , , , , , , , , , , , , , , , , , , , , , , , , , , , , , , , , , , , ,26.1,122.0,7, , , , , , , , , , , , , , , , , , , , , , , , , , , ,13,60
1884177N17124,1884,14,WP,MM,UNNAMED,1884-06-30 00:00:00,NR,26.4,122.6, , , ,main,167,167,___________P___, , , , , , , , ,-5, , , , , , , , , , , , , , , , , , , , , , , , , , , , , , , , , , , , , , , , , , , , , , , , , , , , , , , , , , , , , , , , , , , , , , , , , , , , , , , , , , , , , , , , , , , , , , , , , , , , , , , , , , , , , , , , , , , , ,26.4,122.6,7, , , , , , , , , , , , , , , , , , , , , , , , , , , ,13,65
1884177N17124,1884,14,WP,MM,UNNAMED,1884-06-30 03:00:00,NR,26.6,123.3, , , ,main,221,221,___________P___, , , , , , , , ,-5, , , , , , , , , , , , , , , , , , , , , , , , , , , , , , , , , , , , , , , , , , , , , , , , , , , , , , , , , , , , , , , , , , , , , , , , , , , , , , , , , , , , , , , , , , , , , , , , , , , , , , , , , , , , , , , , , , , , ,26.6,123.3,7, , , , , , , , , , , , , , , , , , , , , , , , , , , ,13,70
1884177N17124,1884,14,WP,MM,UNNAMED,1884-06-30 04:00:00,NR,26.7,123.5, , , ,main,241, ,___________O___, , , , , , , , ,-5, , , , , , , , , , , , , , , , , , , , , , , , , , , , , , , , , , , , , , , , , , , , , , , , , , , , , , , , , , , , , , , , , , , , , , , , , , , , , , , , , , , , , , , , , , , , , , , , , , , , , , , , , , , , , , , , , , , , ,26.7,123.5,7, , , , , , , , , , , , , , , , , , , , , , , , , , , ,13,70
1884186N16125,1884,16,WP,MM,UNNAMED,1884-07-03 16:00:00,TS,16.1,125.2, , , ,main,254,243,___________O___, , , , , , , , ,-5, , , , , , , , , , , , , , , , , , , , , , , , , , , , , , , , , , , , , , , , , , , , , , , , , , , , , , , , , , , , , , , , , , , , , , , , , , , , , , , , , , , , , , , , , , , , , , , , , , , , , , , , , , , , , , , , , , , , ,16.1,125.2,4, , , , , , , , , , , , , , , , , , , , , , , , , , , ,9,270
1884186N16125,1884,16,WP,MM,UNNAMED,1884-07-03 18:00:00,TS,16.1,124.9, , , ,main,243,221,___________P___, , , , , , , , ,-5, , , , , , , , , , , , , , , , , , , , , , , , , , , , , , , , , , , , , , , , , , , , , , , , , , , , , , , , , , , , , , , , , , , , , , , , , , , , , , , , , , , , , , , , , , , , , , , , , , , , , , , , , , , , , , , , , , , , ,16.1,124.9,4, , , , , , , , , , , , , , , , , , , , , , , , , , , ,9,270
1884186N16125,1884,16,WP,MM,UNNAMED,1884-07-03 21:00:00,TS,16.1,124.4, , , ,main,221,168,___________P___, , , , , , , , ,-5, , , , , , , , , , , , , , , , , , , , , , , , , , , , , , , , , , , , , , , , , , , , , , , , , , , , , , , , , , , , , , , , , , , , , , , , , , , , , , , , , , , , , , , , , , , , , , , , , , , , , , , , , , , , , , , , , , , , ,16.1,124.4,4, , , , , , , , , , , , , , , , , , , , , , , , , , , ,10,275
1884186N16125,1884,16,WP,MM,UNNAMED,1884-07-04 00:00:00,TS,16.2,123.9, , , ,main,168,115,___________P___, , , , , , , , ,-5, , , , , , , , , , , , , , , , , , , , , , , , , , , , , , , , , , , , , , , , , , , , , , , , , , , , , , , , , , , , , , , , , , , , , , , , , , , , , , , , , , , , , , , , , , , , , , , , , , , , , , , , , , , , , , , , , , , , ,16.2,123.9,4, , , , , , , , , , , , , , , , , , , , , , , , , , , ,10,275
1884186N16125,1884,16,WP,MM,UNNAMED,1884-07-04 03:00:00,TS,16.2,123.3, , , ,main,115,96,___________P___, , , , , , , , ,-5, , , , , , , , , , , , , , , , , , , , , , , , , , , , , , , , , , , , , , , , , , , , , , , , , , , , , , , , , , , , , , , , , , , , , , , , , , , , , , , , , , , , , , , , , , , , , , , , , , , , , , , , , , , , , , , , , , , , ,16.2,123.3,4, , , , , , , , , , , , , , , , , , , , , , , , , , , ,11,275
1884186N16125,1884,16,WP,MM,UNNAMED,1884-07-04 04:00:00,TS,16.2,123.1, , , ,main,96,53,___________O___, , , , , , , , ,-5, , , , , , , , , , , , , , , , , , , , , , , , , , , , , , , , , , , , , , , , , , , , , , , , , , , , , , , , , , , , , , , , , , , , , , , , , , , , , , , , , , , , , , , , , , , , , , , , , , , , , , , , , , , , , , , , , , , , ,16.2,123.1,4, , , , , , , , , , , , , , , , , , , , , , , , , , , ,12,275
1884186N16125,1884,16,WP,MM,UNNAMED,1884-07-04 06:00:00,TS,16.2,122.7, , , ,main,53,0,___________P___, , , , , , , , ,-5, , , , , , , , , , , , , , , , , , , , , , , , , , , , , , , , , , , , , , , , , , , , , , , , , , , , , , , , , , , , , , , , , , , , , , , , , , , , , , , , , , , , , , , , , , , , , , , , , , , , , , , , , , , , , , , , , , , , ,16.2,122.7,4, , , , , , , , , , , , , , , , , , , , , , , , , , , ,12,275
1884186N16125,1884,16,WP,MM,UNNAMED,1884-07-04 09:00:00,TS,16.3,122.0, , , ,main,0,0,___________P___, , , , , , , , ,-5, , , , , , , , , , , , , , , , , , , , , , , , , , , , , , , , , , , , , , , , , , , , , , , , , , , , , , , , , , , , , , , , , , , , , , , , , , , , , , , , , , , , , , , , , , , , , , , , , , , , , , , , , , , , , , , , , , , , ,16.3,122.0,4, , , , , , , , , , , , , , , , , , , , , , , , , , , ,13,275
1884186N16125,1884,16,WP,MM,UNNAMED,1884-07-04 12:00:00,TS,16.4,121.4, , , ,main,0,0,___________P___, , , , , , , , ,-5, , , , , , , , , , , , , , , , , , , , , , , , , , , , , , , , , , , , , , , , , , , , , , , , , , , , , , , , , , , , , , , , , , , , , , , , , , , , , , , , , , , , , , , , , , , , , , , , , , , , , , , , , , , , , , , , , , , , ,16.4,121.4,4, , , , , , , , , , , , , , , , , , , , , , , , , , , ,12,280
1884186N16125,1884,16,WP,MM,UNNAMED,1884-07-04 15:00:00,TS,16.5,120.8, , , ,main,0,0,___________P___, , , , , , , , ,-5, , , , , , , , , , , , , , , , , , , , , , , , , , , , , , , , , , , , , , , , , , , , , , , , , , , , , , , , , , , , , , , , , , , , , , , , , , , , , , , , , , , , , , , , , , , , , , , , , , , , , , , , , , , , , , , , , , , , ,16.5,120.8,4, , , , , , , , , , , , , , , , , , , , , , , , , , , ,11,280
1884186N16125,1884,16,WP,MM,UNNAMED,1884-07-04 16:00:00,TS,16.5,120.6, , , ,main,0,0,___________O___, , , , , , , , ,-5, , , , , , , , , , , , , , , , , , , , , , , , , , , , , , , , , , , , , , , , , , , , , , , , , , , , , , , , , , , , , , , , , , , , , , , , , , , , , , , , , , , , , , , , , , , , , , , , , , , , , , , , , , , , , , , , , , , , ,16.5,120.6,4, , , , , , , , , , , , , , , , , , , , , , , , , , , ,10,285
1884186N16125,1884,16,WP,MM,UNNAMED,1884-07-04 18:00:00,TS,16.6,120.3, , , ,main,0,10,___________P___, , , , , , , , ,-5, , , , , , , , , , , , , , , , , , , , , , , , , , , , , , , , , , , , , , , , , , , , , , , , , , , , , , , , , , , , , , , , , , , , , , , , , , , , , , , , , , , , , , , , , , , , , , , , , , , , , , , , , , , , , , , , , , , , ,16.6,120.3,4, , , , , , , , , , , , , , , , , , , , , , , , , , , ,9,285
1884186N16125,1884,16,WP,MM,UNNAMED,1884-07-04 21:00:00,TS,16.7,119.8, , , ,main,44,44,___________P___, , , , , , , , ,-5, , , , , , , , , , , , , , , , , , , , , , , , , , , , , , , , , , , , , , , , , , , , , , , , , , , , , , , , , , , , , , , , , , , , , , , , , , , , , , , , , , , , , , , , , , , , , , , , , , , , , , , , , , , , , , , , , , , , ,16.7,119.8,4, , , , , , , , , , , , , , , , , , , , , , , , , , , ,8,290
1884186N16125,1884,16,WP,MM,UNNAMED,1884-07-05 00:00:00,TS,16.9,119.5, , , ,main,74,79,___________P___, , , , , , , , ,-5, , , , , , , , , , , , , , , , , , , , , , , , , , , , , , , , , , , , , , , , , , , , , , , , , , , , , , , , , , , , , , , , , , , , , , , , , , , , , , , , , , , , , , , , , , , , , , , , , , , , , , , , , , , , , , , , , , , , ,16.9,119.5,4, , , , , , , , , , , , , , , , , , , , , , , , , , , ,8,295
1884186N16125,1884,16,WP,MM,UNNAMED,1884-07-05 03:00:00,TS,17.0,119.1, , , ,main,108,116,___________P___, , , , , , , , ,-5, , , , , , , , , , , , , , , , , , , , , , , , , , , , , , , , , , , , , , , , , , , , , , , , , , , , , , , , , , , , , , , , , , , , , , , , , , , , , , , , , , , , , , , , , , , , , , , , , , , , , , , , , , , , , , , , , , , , ,17.0,119.1,4, , , , , , , , , , , , , , , , , , , , , , , , , , , ,7,295
1884186N16125,1884,16,WP,MM,UNNAMED,1884-07-05 04:00:00,TS,17.1,119.0, , , ,main,123,123,___________O___, , , , , , , , ,-5, , , , , , , , , , , , , , , , , , , , , , , , , , , , , , , , , , , , , , , , , , , , , , , , , , , , , , , , , , , , , , , , , , , , , , , , , , , , , , , , , , , , , , , , , , , , , , , , , , , , , , , , , , , , , , , , , , , , ,17.1,119.0,4, , , , , , , , , , , , , , , , , , , , , , , , , , , ,7,295
1884186N16125,1884,16,WP,MM,UNNAMED,1884-07-05 06:00:00,TS,17.2,118.8, , , ,main,146,154,___________P___, , , , , , , , ,-5, , , , , , , , , , , , , , , , , , , , , , , , , , , , , , , , , , , , , , , , , , , , , , , , , , , , , , , , , , , , , , , , , , , , , , , , , , , , , , , , , , , , , , , , , , , , , , , , , , , , , , , , , , , , , , , , , , , , ,17.2,118.8,4, , , , , , , , , , , , , , , , , , , , , , , , , , , ,7,295
1884186N16125,1884,16,WP,MM,UNNAMED,1884-07-05 09:00:00,TS,17.3,118.4, , , ,main,186,193,___________P___, , , , , , , , ,-5, , , , , , , , , , , , , , , , , , , , , , , , , , , , , , , , , , , , , , , , , , , , , , , , , , , , , , , , , , , , , , , , , , , , , , , , , , , , , , , , , , , , , , , , , , , , , , , , , , , , , , , , , , , , , , , , , , , , ,17.3,118.4,4, , , , , , , , , , , , , , , , , , , , , , , , , , , ,7,295
1884186N16125,1884,16,WP,MM,UNNAMED,1884-07-05 12:00:00,TS,17.5,118.1, , , ,main,225,225,___________P___, , , , , , , , ,-5, , , , , , , , , , , , , , , , , , , , , , , , , , , , , , , , , , , , , , , , , , , , , , , , , , , , , , , , , , , , , , , , , , , , , , , , , , , , , , , , , , , , , , , , , , , , , , , , , , , , , , , , , , , , , , , , , , , , ,17.5,118.1,4, , , , , , , , , , , , , , , , , , , , , , , , , , , ,7,295
1884186N16125,1884,16,WP,MM,UNNAMED,1884-07-05 15:00:00,TS,17.6,117.8, , , ,main,257,264,___________P___, , , , , , , , ,-5, , , , , , , , , , , , , , , , , , , , , , , , , , , , , , , , , , , , , , , , , , , , , , , , , , , , , , , , , , , , , , , , , , , , , , , , , , , , , , , , , , , , , , , , , , , , , , , , , , , , , , , , , , , , , , , , , , , , ,17.6,117.8,4, , , , , , , , , , , , , , , , , , , , , , , , , , , ,7,295
1884186N16125,1884,16,WP,MM,UNNAMED,1884-07-05 16:00:00,TS,17.7,117.7, , , ,main,272,272,___________O___, , , , , , , , ,-5, , , , , , , , , , , , , , , , , , , , , , , , , , , , , , , , , , , , , , , , , , , , , , , , , , , , , , , , , , , , , , , , , , , , , , , , , , , , , , , , , , , , , , , , , , , , , , , , , , , , , , , , , , , , , , , , , , , , ,17.7,117.7,4, , , , , , , , , , , , , , , , , , , , , , , , , , , ,7,300
1884186N16125,1884,16,WP,MM,UNNAMED,1884-07-05 18:00:00,TS,17.8,117.5, , , ,main,296,296,___________P___, , , , , , , , ,-5, , , , , , , , , , , , , , , , , , , , , , , , , , , , , , , , , , , , , , , , , , , , , , , , , , , , , , , , , , , , , , , , , , , , , , , , , , , , , , , , , , , , , , , , , , , , , , , , , , , , , , , , , , , , , , , , , , , , ,17.8,117.5,4, , , , , , , , , , , , , , , , , , , , , , , , , , , ,7,300
1884186N16125,1884,16,WP,MM,UNNAMED,1884-07-05 21:00:00,TS,18.0,117.2, , , ,main,331,331,___________P___, , , , , , , , ,-5, , , , , , , , , , , , , , , , , , , , , , , , , , , , , , , , , , , , , , , , , , , , , , , , , , , , , , , , , , , , , , , , , , , , , , , , , , , , , , , , , , , , , , , , , , , , , , , , , , , , , , , , , , , , , , , , , , , , ,18.0,117.2,4, , , , , , , , , , , , , , , , , , , , , , , , , , , ,6,300
1884186N16125,1884,16,WP,MM,UNNAMED,1884-07-06 00:00:00,TS,18.1,116.9, , , ,main,364,364,___________P___, , , , , , , , ,-5, , , , , , , , , , , , , , , , , , , , , , , , , , , , , , , , , , , , , , , , , , , , , , , , , , , , , , , , , , , , , , , , , , , , , , , , , , , , , , , , , , , , , , , , , , , , , , , , , , , , , , , , , , , , , , , , , , , , ,18.1,116.9,4, , , , , , , , , , , , , , , , , , , , , , , , , , , ,6,295
1884186N16125,1884,16,WP,MM,UNNAMED,1884-07-06 03:00:00,TS,18.3,116.6, , , ,main,399,399,___________P___, , , , , , , , ,-5, , , , , , , , , , , , , , , , , , , , , , , , , , , , , , , , , , , , , , , , , , , , , , , , , , , , , , , , , , , , , , , , , , , , , , , , , , , , , , , , , , , , , , , , , , , , , , , , , , , , , , , , , , , , , , , , , , , , ,18.3,116.6,4, , , , , , , , , , , , , , , , , , , , , , , , , , , ,6,295
1884186N16125,1884,16,WP,MM,UNNAMED,1884-07-06 04:00:00,TS,18.3,116.5, , , ,main,409,409,___________O___, , , , , , , , ,-5, , , , , , , , , , , , , , , , , , , , , , , , , , , , , , , , , , , , , , , , , , , , , , , , , , , , , , , , , , , , , , , , , , , , , , , , , , , , , , , , , , , , , , , , , , , , , , , , , , , , , , , , , , , , , , , , , , , , ,18.3,116.5,4, , , , , , , , , , , , , , , , , , , , , , , , , , , ,7,290
1884186N16125,1884,16,WP,MM,UNNAMED,1884-07-06 06:00:00,TS,18.4,116.3, , , ,main,432,432,___________P___, , , , , , , , ,-5, , , , , , , , , , , , , , , , , , , , , , , , , , , , , , , , , , , , , , , , , , , , , , , , , , , , , , , , , , , , , , , , , , , , , , , , , , , , , , , , , , , , , , , , , , , , , , , , , , , , , , , , , , , , , , , , , , , , ,18.4,116.3,4, , , , , , , , , , , , , , , , , , , , , , , , , , , ,7,290
1884186N16125,1884,16,WP,MM,UNNAMED,1884-07-06 09:00:00,TS,18.5,115.9, , , ,main,456,446,___________P___, , , , , , , , ,-5, , , , , , , , , , , , , , , , , , , , , , , , , , , , , , , , , , , , , , , , , , , , , , , , , , , , , , , , , , , , , , , , , , , , , , , , , , , , , , , , , , , , , , , , , , , , , , , , , , , , , , , , , , , , , , , , , , , , ,18.5,115.9,4, , , , , , , , , , , , , , , , , , , , , , , , , , , ,7,285
1884186N16125,1884,16,WP,MM,UNNAMED,1884-07-06 12:00:00,TS,18.5,115.6, , , ,main,446,424,___________P___, , , , , , , , ,-5, , , , , , , , , , , , , , , , , , , , , , , , , , , , , , , , , , , , , , , , , , , , , , , , , , , , , , , , , , , , , , , , , , , , , , , , , , , , , , , , , , , , , , , , , , , , , , , , , , , , , , , , , , , , , , , , , , , , ,18.5,115.6,4, , , , , , , , , , , , , , , , , , , , , , , , , , , ,7,280
1884186N16125,1884,16,WP,MM,UNNAMED,1884-07-06 15:00:00,TS,18.6,115.2, , , ,main,424,422,___________P___, , , , , , , , ,-5, , , , , , , , , , , , , , , , , , , , , , , , , , , , , , , , , , , , , , , , , , , , , , , , , , , , , , , , , , , , , , , , , , , , , , , , , , , , , , , , , , , , , , , , , , , , , , , , , , , , , , , , , , , , , , , , , , , , ,18.6,115.2,4, , , , , , , , , , , , , , , , , , , , , , , , , , , ,7,275
1884186N16125,1884,16,WP,MM,UNNAMED,1884-07-06 16:00:00,TS,18.6,115.1, , , ,main,422,418,___________O___, , , , , , , , ,-5, , , , , , , , , , , , , , , , , , , , , , , , , , , , , , , , , , , , , , , , , , , , , , , , , , , , , , , , , , , , , , , , , , , , , , , , , , , , , , , , , , , , , , , , , , , , , , , , , , , , , , , , , , , , , , , , , , , , ,18.6,115.1,4, , , , , , , , , , , , , , , , , , , , , , , , , , , ,7,275
1884186N16125,1884,16,WP,MM,UNNAMED,1884-07-06 18:00:00,TS,18.6,114.9, , , ,main,418,384,___________P___, , , , , , , , ,-5, , , , , , , , , , , , , , , , , , , , , , , , , , , , , , , , , , , , , , , , , , , , , , , , , , , , , , , , , , , , , , , , , , , , , , , , , , , , , , , , , , , , , , , , , , , , , , , , , , , , , , , , , , , , , , , , , , , , ,18.6,114.9,4, , , , , , , , , , , , , , , , , , , , , , , , , , , ,7,270
1884186N16125,1884,16,WP,MM,UNNAMED,1884-07-06 21:00:00,TS,18.6,114.5, , , ,main,384,344,___________P___, , , , , , , , ,-5, , , , , , , , , , , , , , , , , , , , , , , , , , , , , , , , , , , , , , , , , , , , , , , , , , , , , , , , , , , , , , , , , , , , , , , , , , , , , , , , , , , , , , , , , , , , , , , , , , , , , , , , , , , , , , , , , , , , ,18.6,114.5,4, , , , , , , , , , , , , , , , , , , , , , , , , , , ,7,270
1884186N16125,1884,16,WP,MM,UNNAMED,1884-07-07 00:00:00,TS,18.6,114.1, , , ,main,344,304,___________P___, , , , , , , , ,-5, , , , , , , , , , , , , , , , , , , , , , , , , , , , , , , , , , , , , , , , , , , , , , , , , , , , , , , , , , , , , , , , , , , , , , , , , , , , , , , , , , , , , , , , , , , , , , , , , , , , , , , , , , , , , , , , , , , , ,18.6,114.1,4, , , , , , , , , , , , , , , , , , , , , , , , , , , ,8,270
1884186N16125,1884,16,WP,MM,UNNAMED,1884-07-07 03:00:00,TS,18.6,113.7, , , ,main,304,285,___________P___, , , , , , , , ,-5, , , , , , , , , , , , , , , , , , , , , , , , , , , , , , , , , , , , , , , , , , , , , , , , , , , , , , , , , , , , , , , , , , , , , , , , , , , , , , , , , , , , , , , , , , , , , , , , , , , , , , , , , , , , , , , , , , , , ,18.6,113.7,4, , , , , , , , , , , , , , , , , , , , , , , , , , , ,9,270
1884186N16125,1884,16,WP,MM,UNNAMED,1884-07-07 04:00:00,TS,18.6,113.5, , , ,main,285,247,___________O___, , , , , , , , ,-5, , , , , , , , , , , , , , , , , , , , , , , , , , , , , , , , , , , , , , , , , , , , , , , , , , , , , , , , , , , , , , , , , , , , , , , , , , , , , , , , , , , , , , , , , , , , , , , , , , , , , , , , , , , , , , , , , , , , ,18.6,113.5,4, , , , , , , , , , , , , , , , , , , , , , , , , , , ,11,275
1884186N16125,1884,16,WP,MM,UNNAMED,1884-07-07 06:00:00,TS,18.6,113.1, , , ,main,247,178,___________P___, , , , , , , , ,-5, , , , , , , , , , , , , , , , , , , , , , , , , , , , , , , , , , , , , , , , , , , , , , , , , , , , , , , , , , , , , , , , , , , , , , , , , , , , , , , , , , , , , , , , , , , , , , , , , , , , , , , , , , , , , , , , , , , , ,18.6,113.1,4, , , , , , , , , , , , , , , , , , , , , , , , , , , ,12,275
1884186N16125,1884,16,WP,MM,UNNAMED,1884-07-07 09:00:00,TS,18.7,112.4, , , ,main,178,114,___________P___, , , , , , , , ,-5, , , , , , , , , , , , , , , , , , , , , , , , , , , , , , , , , , , , , , , , , , , , , , , , , , , , , , , , , , , , , , , , , , , , , , , , , , , , , , , , , , , , , , , , , , , , , , , , , , , , , , , , , , , , , , , , , , , , ,18.7,112.4,4, , , , , , , , , , , , , , , , , , , , , , , , , , , ,13,275
1884186N16125,1884,16,WP,MM,UNNAMED,1884-07-07 12:00:00,TS,18.8,111.7, , , ,main,114,43,___________P___, , , , , , , , ,-5, , , , , , , , , , , , , , , , , , , , , , , , , , , , , , , , , , , , , , , , , , , , , , , , , , , , , , , , , , , , , , , , , , , , , , , , , , , , , , , , , , , , , , , , , , , , , , , , , , , , , , , , , , , , , , , , , , , , ,18.8,111.7,4, , , , , , , , , , , , , , , , , , , , , , , , , , , ,14,280
1884186N16125,1884,16,WP,MM,UNNAMED,1884-07-07 15:00:00,TS,18.9,111.0, , , ,main,43,21,___________P___, , , , , , , , ,-5, , , , , , , , , , , , , , , , , , , , , , , , , , , , , , , , , , , , , , , , , , , , , , , , , , , , , , , , , , , , , , , , , , , , , , , , , , , , , , , , , , , , , , , , , , , , , , , , , , , , , , , , , , , , , , , , , , , , ,18.9,111.0,4, , , , , , , , , , , , , , , , , , , , , , , , , , , ,14,285
1884186N16125,1884,16,WP,MM,UNNAMED,1884-07-07 16:00:00,TS,19.0,110.8, , , ,main,21,0,___________O___, , , , , , , , ,-5, , , , , , , , , , , , , , , , , , , , , , , , , , , , , , , , , , , , , , , , , , , , , , , , , , , , , , , , , , , , , , , , , , , , , , , , , , , , , , , , , , , , , , , , , , , , , , , , , , , , , , , , , , , , , , , , , , , , ,19.0,110.8,4, , , , , , , , , , , , , , , , , , , , , , , , , , , ,13,290
1884186N16125,1884,16,WP,MM,UNNAMED,1884-07-07 18:00:00,TS,19.2,110.4, , , ,main,0,0,___________P___, , , , , , , , ,-5, , , , , , , , , , , , , , , , , , , , , , , , , , , , , , , , , , , , , , , , , , , , , , , , , , , , , , , , , , , , , , , , , , , , , , , , , , , , , , , , , , , , , , , , , , , , , , , , , , , , , , , , , , , , , , , , , , , , ,19.2,110.4,4, , , , , , , , , , , , , , , , , , , , , , , , , , , ,13,295
1884186N16125,1884,16,WP,MM,UNNAMED,1884-07-07 21:00:00,TS,19.5,109.8, , , ,main,0,0,___________P___, , , , , , , , ,-5, , , , , , , , , , , , , , , , , , , , , , , , , , , , , , , , , , , , , , , , , , , , , , , , , , , , , , , , , , , , , , , , , , , , , , , , , , , , , , , , , , , , , , , , , , , , , , , , , , , , , , , , , , , , , , , , , , , , ,19.5,109.8,4, , , , , , , , , , , , , , , , , , , , , , , , , , , ,13,300
1884186N16125,1884,16,WP,MM,UNNAMED,1884-07-08 00:00:00,TS,19.9,109.2, , , ,main,15,15,___________P___, , , , , , , , ,-5, , , , , , , , , , , , , , , , , , , , , , , , , , , , , , , , , , , , , , , , , , , , , , , , , , , , , , , , , , , , , , , , , , , , , , , , , , , , , , , , , , , , , , , , , , , , , , , , , , , , , , , , , , , , , , , , , , , , ,19.9,109.2,4, , , , , , , , , , , , , , , , , , , , , , , , , , , ,13,305
1884186N16125,1884,16,WP,MM,UNNAMED,1884-07-08 03:00:00,TS,20.3,108.7, , , ,main,83,91,___________P___, , , , , , , , ,-5, , , , , , , , , , , , , , , , , , , , , , , , , , , , , , , , , , , , , , , , , , , , , , , , , , , , , , , , , , , , , , , , , , , , , , , , , , , , , , , , , , , , , , , , , , , , , , , , , , , , , , , , , , , , , , , , , , , , ,20.3,108.7,4, , , , , , , , , , , , , , , , , , , , , , , , , , , ,13,310
1884186N16125,1884,16,WP,MM,UNNAMED,1884-07-08 04:00:00,TS,20.4,108.5, , , ,main,107, ,___________O___, , , , , , , , ,-5, , , , , , , , , , , , , , , , , , , , , , , , , , , , , , , , , , , , , , , , , , , , , , , , , , , , , , , , , , , , , , , , , , , , , , , , , , , , , , , , , , , , , , , , , , , , , , , , , , , , , , , , , , , , , , , , , , , , ,20.4,108.5,4, , , , , , , , , , , , , , , , , , , , , , , , , , , ,13,310
1884191N15127,1884,17,WP,MM,UNNAMED,1884-07-08 16:00:00,TS,14.8,126.7, , , ,main,267,242,___________O___, , , , , , , , ,-5, , , , , , , , , , , , , , , , , , , , , , , , , , , , , , , , , , , , , , , , , , , , , , , , , , , , , , , , , , , , , , , , , , , , , , , , , , , , , , , , , , , , , , , , , , , , , , , , , , , , , , , , , , , , , , , , , , , , ,14.8,126.7,4, , , , , , , , , , , , , , , , , , , , , , , , , , , ,8,290
1884191N15127,1884,17,WP,MM,UNNAMED,1884-07-08 18:00:00,TS,14.9,126.4, , , ,main,242,220,___________P___, , , , , , , , ,-5, , , , , , , , , , , , , , , , , , , , , , , , , , , , , , , , , , , , , , , , , , , , , , , , , , , , , , , , , , , , , , , , , , , , , , , , , , , , , , , , , , , , , , , , , , , , , , , , , , , , , , , , , , , , , , , , , , , , ,14.9,126.4,4, , , , , , , , , , , , , , , , , , , , , , , , , , , ,8,290
1884191N15127,1884,17,WP,MM,UNNAMED,1884-07-08 21:00:00,TS,15.0,126.1, , , ,main,220,194,___________P___, , , , , , , , ,-5, , , , , , , , , , , , , , , , , , , , , , , , , , , , , , , , , , , , , , , , , , , , , , , , , , , , , , , , , , , , , , , , , , , , , , , , , , , , , , , , , , , , , , , , , , , , , , , , , , , , , , , , , , , , , , , , , , , , ,15.0,126.1,4, , , , , , , , , , , , , , , , , , , , , , , , , , , ,8,290
1884191N15127,1884,17,WP,MM,UNNAMED,1884-07-09 00:00:00,TS,15.2,125.7, , , ,main,201,186,___________P___, , , , , , , , ,-5, , , , , , , , , , , , , , , , , , , , , , , , , , , , , , , , , , , , , , , , , , , , , , , , , , , , , , , , , , , , , , , , , , , , , , , , , , , , , , , , , , , , , , , , , , , , , , , , , , , , , , , , , , , , , , , , , , , , ,15.2,125.7,4, , , , , , , , , , , , , , , , , , , , , , , , , , , ,7,290
1884191N15127,1884,17,WP,MM,UNNAMED,1884-07-09 03:00:00,TS,15.3,125.4, , , ,main,187,181,___________P___, , , , , , , , ,-5, , , , , , , , , , , , , , , , , , , , , , , , , , , , , , , , , , , , , , , , , , , , , , , , , , , , , , , , , , , , , , , , , , , , , , , , , , , , , , , , , , , , , , , , , , , , , , , , , , , , , , , , , , , , , , , , , , , , ,15.3,125.4,4, , , , , , , , , , , , , , , , , , , , , , , , , , , ,6,290
1884191N15127,1884,17,WP,MM,UNNAMED,1884-07-09 04:00:00,TS,15.3,125.3, , , ,main,181,169,___________O___, , , , , , , , ,-5, , , , , , , , , , , , , , , , , , , , , , , , , , , , , , , , , , , , , , , , , , , , , , , , , , , , , , , , , , , , , , , , , , , , , , , , , , , , , , , , , , , , , , , , , , , , , , , , , , , , , , , , , , , , , , , , , , , , ,15.3,125.3,4, , , , , , , , , , , , , , , , , , , , , , , , , , , ,5,290
1884191N15127,1884,17,WP,MM,UNNAMED,1884-07-09 06:00:00,TS,15.4,125.1, , , ,main,178,169,___________P___, , , , , , , , ,-5, , , , , , , , , , , , , , , , , , , , , , , , , , , , , , , , , , , , , , , , , , , , , , , , , , , , , , , , , , , , , , , , , , , , , , , , , , , , , , , , , , , , , , , , , , , , , , , , , , , , , , , , , , , , , , , , , , , , ,15.4,125.1,4, , , , , , , , , , , , , , , , , , , , , , , , , , , ,5,290
1884191N15127,1884,17,WP,MM,UNNAMED,1884-07-09 09:00:00,TS,15.4,124.9, , , ,main,169,165,___________P___, , , , , , , , ,-5, , , , , , , , , , , , , , , , , , , , , , , , , , , , , , , , , , , , , , , , , , , , , , , , , , , , , , , , , , , , , , , , , , , , , , , , , , , , , , , , , , , , , , , , , , , , , , , , , , , , , , , , , , , , , , , , , , , , ,15.4,124.9,4, , , , , , , , , , , , , , , , , , , , , , , , , , , ,4,290
1884191N15127,1884,17,WP,MM,UNNAMED,1884-07-09 12:00:00,TS,15.5,124.7, , , ,main,173,170,___________P___, , , , , , , , ,-5, , , , , , , , , , , , , , , , , , , , , , , , , , , , , , , , , , , , , , , , , , , , , , , , , , , , , , , , , , , , , , , , , , , , , , , , , , , , , , , , , , , , , , , , , , , , , , , , , , , , , , , , , , , , , , , , , , , , ,15.5,124.7,4, , , , , , , , , , , , , , , , , , , , , , , , , , , ,4,295
1884191N15127,1884,17,WP,MM,UNNAMED,1884-07-09 15:00:00,TS,15.6,124.6, , , ,main,181,180,___________P___, , , , , , , , ,-5, , , , , , , , , , , , , , , , , , , , , , , , , , , , , , , , , , , , , , , , , , , , , , , , , , , , , , , , , , , , , , , , , , , , , , , , , , , , , , , , , , , , , , , , , , , , , , , , , , , , , , , , , , , , , , , , , , , , ,15.6,124.6,4, , , , , , , , , , , , , , , , , , , , , , , , , , , ,4,300
1884191N15127,1884,17,WP,MM,UNNAMED,1884-07-09 16:00:00,TS,15.6,124.5, , , ,main,180,179,___________O___, , , , , , , , ,-5, , , , , , , , , , , , , , , , , , , , , , , , , , , , , , , , , , , , , , , , , , , , , , , , , , , , , , , , , , , , , , , , , , , , , , , , , , , , , , , , , , , , , , , , , , , , , , , , , , , , , , , , , , , , , , , , , , , , ,15.6,124.5,4, , , , , , , , , , , , , , , , , , , , , , , , , , , ,4,300
1884191N15127,1884,17,WP,MM,UNNAMED,1884-07-09 18:00:00,TS,15.7,124.4, , , ,main,190,190,___________P___, , , , , , , , ,-5, , , , , , , , , , , , , , , , , , , , , , , , , , , , , , , , , , , , , , , , , , , , , , , , , , , , , , , , , , , , , , , , , , , , , , , , , , , , , , , , , , , , , , , , , , , , , , , , , , , , , , , , , , , , , , , , , , , , ,15.7,124.4,4, , , , , , , , , , , , , , , , , , , , , , , , , , , ,4,305
1884191N15127,1884,17,WP,MM,UNNAMED,1884-07-09 21:00:00,TS,15.8,124.2, , , ,main,201,201,___________P___, , , , , , , , ,-5, , , , , , , , , , , , , , , , , , , , , , , , , , , , , , , , , , , , , , , , , , , , , , , , , , , , , , , , , , , , , , , , , , , , , , , , , , , , , , , , , , , , , , , , , , , , , , , , , , , , , , , , , , , , , , , , , , , , ,15.8,124.2,4, , , , , , , , , , , , , , , , , , , , , , , , , , , ,4,310
1884191N15127,1884,17,WP,MM,UNNAMED,1884-07-10 00:00:00,TS,15.9,124.1, , , ,main,204,174,___________P___, , , , , , , , ,-5, , , , , , , , , , , , , , , , , , , , , , , , , , , , , , , , , , , , , , , , , , , , , , , , , , , , , , , , , , , , , , , , , , , , , , , , , , , , , , , , , , , , , , , , , , , , , , , , , , , , , , , , , , , , , , , , , , , , ,15.9,124.1,4, , , , , , , , , , , , , , , , , , , , , , , , , , , ,5,315
1884191N15127,1884,17,WP,MM,UNNAMED,1884-07-10 03:00:00,TS,16.1,123.9, , , ,main,174,159,___________P___, , , , , , , , ,-5, , , , , , , , , , , , , , , , , , , , , , , , , , , , , , , , , , , , , , , , , , , , , , , , , , , , , , , , , , , , , , , , , , , , , , , , , , , , , , , , , , , , , , , , , , , , , , , , , , , , , , , , , , , , , , , , , , , , ,16.1,123.9,4, , , , , , , , , , , , , , , , , , , , , , , , , , , ,6,315
1884191N15127,1884,17,WP,MM,UNNAMED,1884-07-10 04:00:00,TS,16.2,123.8, , , ,main,159,129,___________O___, , , , , , , , ,-5, , , , , , , , , , , , , , , , , , , , , , , , , , , , , , , , , , , , , , , , , , , , , , , , , , , , , , , , , , , , , , , , , , , , , , , , , , , , , , , , , , , , , , , , , , , , , , , , , , , , , , , , , , , , , , , , , , , , ,16.2,123.8,4, , , , , , , , , , , , , , , , , , , , , , , , , , , ,7,315
1884191N15127,1884,17,WP,MM,UNNAMED,1884-07-10 06:00:00,TS,16.4,123.6, , , ,main,129,88,___________P___, , , , , , , , ,-5, , , , , , , , , , , , , , , , , , , , , , , , , , , , , , , , , , , , , , , , , , , , , , , , , , , , , , , , , , , , , , , , , , , , , , , , , , , , , , , , , , , , , , , , , , , , , , , , , , , , , , , , , , , , , , , , , , , , ,16.4,123.6,4, , , , , , , , , , , , , , , , , , , , , , , , , , , ,8,315
1884191N15127,1884,17,WP,MM,UNNAMED,1884-07-10 09:00:00,TS,16.7,123.3, , , ,main,88,53,___________P___, , , , , , , , ,-5, , , , , , , , , , , , , , , , , , , , , , , , , , , , , , , , , , , , , , , , , , , , , , , , , , , , , , , , , , , , , , , , , , , , , , , , , , , , , , , , , , , , , , , , , , , , , , , , , , , , , , , , , , , , , , , , , , , , ,16.7,123.3,4, , , , , , , , , , , , , , , , , , , , , , , , , , , ,9,315
1884191N15127,1884,17,WP,MM,UNNAMED,1884-07-10 12:00:00,TS,17.0,123.0, , , ,main,53,24,___________P___, , , , , , , , ,-5, , , , , , , , , , , , , , , , , , , , , , , , , , , , , , , , , , , , , , , , , , , , , , , , , , , , , , , , , , , , , , , , , , , , , , , , , , , , , , , , , , , , , , , , , , , , , , , , , , , , , , , , , , , , , , , , , , , , ,17.0,123.0,4, , , , , , , , , , , , , , , , , , , , , , , , , , , ,10,320
1884191N15127,1884,17,WP,MM,UNNAMED,1884-07-10 15:00:00,TS,17.5,122.6, , , ,main,30,30,___________P___, , , , , , , , ,-5, , , , , , , , , , , , , , , , , , , , , , , , , , , , , , , , , , , , , , , , , , , , , , , , , , , , , , , , , , , , , , , , , , , , , , , , , , , , , , , , , , , , , , , , , , , , , , , , , , , , , , , , , , , , , , , , , , , , ,17.5,122.6,4, , , , , , , , , , , , , , , , , , , , , , , , , , , ,11,325
1884191N15127,1884,17,WP,MM,UNNAMED,1884-07-10 16:00:00,TS,17.6,122.5, , , ,main,35,21,___________O___, , , , , , , , ,-5, , , , , , , , , , , , , , , , , , , , , , , , , , , , , , , , , , , , , , , , , , , , , , , , , , , , , , , , , , , , , , , , , , , , , , , , , , , , , , , , , , , , , , , , , , , , , , , , , , , , , , , , , , , , , , , , , , , , ,17.6,122.5,4, , , , , , , , , , , , , , , , , , , , , , , , , , , ,10,325
1884191N15127,1884,17,WP,MM,UNNAMED,1884-07-10 18:00:00,TS,17.9,122.3, , , ,main,21,0,___________P___, , , , , , , , ,-5, , , , , , , , , , , , , , , , , , , , , , , , , , , , , , , , , , , , , , , , , , , , , , , , , , , , , , , , , , , , , , , , , , , , , , , , , , , , , , , , , , , , , , , , , , , , , , , , , , , , , , , , , , , , , , , , , , , , ,17.9,122.3,4, , , , , , , , , , , , , , , , , , , , , , , , , , , ,11,330
1884191N15127,1884,17,WP,MM,UNNAMED,1884-07-10 21:00:00,TS,18.3,122.0, , , ,main,0,10,___________P___, , , , , , , , ,-5, , , , , , , , , , , , , , , , , , , , , , , , , , , , , , , , , , , , , , , , , , , , , , , , , , , , , , , , , , , , , , , , , , , , , , , , , , , , , , , , , , , , , , , , , , , , , , , , , , , , , , , , , , , , , , , , , , , , ,18.3,122.0,4, , , , , , , , , , , , , , , , , , , , , , , , , , , ,11,330
1884191N15127,1884,17,WP,MM,UNNAMED,1884-07-11 00:00:00,TS,18.9,121.7, , , ,main,54,54,___________P___, , , , , , , , ,-5, , , , , , , , , , , , , , , , , , , , , , , , , , , , , , , , , , , , , , , , , , , , , , , , , , , , , , , , , , , , , , , , , , , , , , , , , , , , , , , , , , , , , , , , , , , , , , , , , , , , , , , , , , , , , , , , , , , , ,18.9,121.7,4, , , , , , , , , , , , , , , , , , , , , , , , , , , ,12,335
1884191N15127,1884,17,WP,MM,UNNAMED,1884-07-11 03:00:00,TS,19.5,121.5, , , ,main,112,112,___________P___, , , , , , , , ,-5, , , , , , , , , , , , , , , , , , , , , , , , , , , , , , , , , , , , , , , , , , , , , , , , , , , , , , , , , , , , , , , , , , , , , , , , , , , , , , , , , , , , , , , , , , , , , , , , , , , , , , , , , , , , , , , , , , , , ,19.5,121.5,4, , , , , , , , , , , , , , , , , , , , , , , , , , , ,13,340
1884191N15127,1884,17,WP,MM,UNNAMED,1884-07-11 04:00:00,TS,19.7,121.4, , , ,main,133,133,___________O___, , , , , , , , ,-5, , , , , , , , , , , , , , , , , , , , , , , , , , , , , , , , , , , , , , , , , , , , , , , , , , , , , , , , , , , , , , , , , , , , , , , , , , , , , , , , , , , , , , , , , , , , , , , , , , , , , , , , , , , , , , , , , , , , ,19.7,121.4,4, , , , , , , , , , , , , , , , , , , , , , , , , , , ,15,345
1884191N15127,1884,17,WP,MM,UNNAMED,1884-07-11 06:00:00,TS,20.2,121.3, , , ,main,183,101,___________P___, , , , , , , , ,-5, , , , , , , , , , , , , , , , , , , , , , , , , , , , , , , , , , , , , , , , , , , , , , , , , , , , , , , , , , , , , , , , , , , , , , , , , , , , , , , , , , , , , , , , , , , , , , , , , , , , , , , , , , , , , , , , , , , , ,20.2,121.3,4, , , , , , , , , , , , , , , , , , , , , , , , , , , ,16,345
1884191N15127,1884,17,WP,MM,UNNAMED,1884-07-11 09:00:00,TS,21.0,121.0, , , ,main,101,11,___________P___, , , , , , , , ,-5, , , , , , , , , , , , , , , , , , , , , , , , , , , , , , , , , , , , , , , , , , , , , , , , , , , , , , , , , , , , , , , , , , , , , , , , , , , , , , , , , , , , , , , , , , , , , , , , , , , , , , , , , , , , , , , , , , , , ,21.0,121.0,4, , , , , , , , , , , , , , , , , , , , , , , , , , , ,17,345
1884191N15127,1884,17,WP,MM,UNNAMED,1884-07-11 12:00:00,TS,21.8,120.8, , , ,main,11,0,___________P___, , , , , , , , ,-5, , , , , , , , , , , , , , , , , , , , , , , , , , , , , , , , , , , , , , , , , , , , , , , , , , , , , , , , , , , , , , , , , , , , , , , , , , , , , , , , , , , , , , , , , , , , , , , , , , , , , , , , , , , , , , , , , , , , ,21.8,120.8,4, , , , , , , , , , , , , , , , , , , , , , , , , , , ,17,345
1884191N15127,1884,17,WP,MM,UNNAMED,1884-07-11 15:00:00,TS,22.6,120.5, , , ,main,0,0,___________P___, , , , , , , , ,-5, , , , , , , , , , , , , , , , , , , , , , , , , , , , , , , , , , , , , , , , , , , , , , , , , , , , , , , , , , , , , , , , , , , , , , , , , , , , , , , , , , , , , , , , , , , , , , , , , , , , , , , , , , , , , , , , , , , , ,22.6,120.5,4, , , , , , , , , , , , , , , , , , , , , , , , , , , ,18,340
1884191N15127,1884,17,WP,MM,UNNAMED,1884-07-11 16:00:00,TS,22.9,120.4, , , ,main,0,0,___________O___, , , , , , , , ,-5, , , , , , , , , , , , , , , , , , , , , , , , , , , , , , , , , , , , , , , , , , , , , , , , , , , , , , , , , , , , , , , , , , , , , , , , , , , , , , , , , , , , , , , , , , , , , , , , , , , , , , , , , , , , , , , , , , , , ,22.9,120.4,4, , , , , , , , , , , , , , , , , , , , , , , , , , , ,18,335
1884191N15127,1884,17,WP,MM,UNNAMED,1884-07-11 18:00:00,TS,23.5,120.1, , , ,main,10,10,___________P___, , , , , , , , ,-5, , , , , , , , , , , , , , , , , , , , , , , , , , , , , , , , , , , , , , , , , , , , , , , , , , , , , , , , , , , , , , , , , , , , , , , , , , , , , , , , , , , , , , , , , , , , , , , , , , , , , , , , , , , , , , , , , , , , ,23.5,120.1,4, , , , , , , , , , , , , , , , , , , , , , , , , , , ,19,330
1884191N15127,1884,17,WP,MM,UNNAMED,1884-07-11 21:00:00,TS,24.3,119.5, , , ,main,87,0,___________P___, , , , , , , , ,-5, , , , , , , , , , , , , , , , , , , , , , , , , , , , , , , , , , , , , , , , , , , , , , , , , , , , , , , , , , , , , , , , , , , , , , , , , , , , , , , , , , , , , , , , , , , , , , , , , , , , , , , , , , , , , , , , , , , , ,24.3,119.5,4, , , , , , , , , , , , , , , , , , , , , , , , , , , ,19,325
1884191N15127,1884,17,WP,MM,UNNAMED,1884-07-12 00:00:00,TS,25.0,119.0, , , ,main,0,0,___________P___, , , , , , , , ,-5, , , , , , , , , , , , , , , , , , , , , , , , , , , , , , , , , , , , , , , , , , , , , , , , , , , , , , , , , , , , , , , , , , , , , , , , , , , , , , , , , , , , , , , , , , , , , , , , , , , , , , , , , , , , , , , , , , , , ,25.0,119.0,4, , , , , , , , , , , , , , , , , , , , , , , , , , , ,17,325
1884191N15127,1884,17,WP,MM,UNNAMED,1884-07-12 03:00:00,TS,25.7,118.4, , , ,main,0,0,___________P___, , , , , , , , ,-5, , , , , , , , , , , , , , , , , , , , , , , , , , , , , , , , , , , , , , , , , , , , , , , , , , , , , , , , , , , , , , , , , , , , , , , , , , , , , , , , , , , , , , , , , , , , , , , , , , , , , , , , , , , , , , , , , , , , ,25.7,118.4,4, , , , , , , , , , , , , , , , , , , , , , , , , , , ,16,325
1884191N15127,1884,17,WP,MM,UNNAMED,1884-07-12 04:00:00,TS,25.9,118.3, , , ,main,0,0,___________O___, , , , , , , , ,-5, , , , , , , , , , , , , , , , , , , , , , , , , , , , , , , , , , , , , , , , , , , , , , , , , , , , , , , , , , , , , , , , , , , , , , , , , , , , , , , , , , , , , , , , , , , , , , , , , , , , , , , , , , , , , , , , , , , , ,25.9,118.3,4, , , , , , , , , , , , , , , , , , , , , , , , , , , ,13,325
1884191N15127,1884,17,WP,MM,UNNAMED,1884-07-12 06:00:00,TS,26.2,118.1, , , ,main,0,0,___________P___, , , , , , , , ,-5, , , , , , , , , , , , , , , , , , , , , , , , , , , , , , , , , , , , , , , , , , , , , , , , , , , , , , , , , , , , , , , , , , , , , , , , , , , , , , , , , , , , , , , , , , , , , , , , , , , , , , , , , , , , , , , , , , , , ,26.2,118.1,4, , , , , , , , , , , , , , , , , , , , , , , , , , , ,10,325
1884191N15127,1884,17,WP,MM,UNNAMED,1884-07-12 09:00:00,TS,26.6,117.8, , , ,main,0,0,___________P___, , , , , , , , ,-5, , , , , , , , , , , , , , , , , , , , , , , , , , , , , , , , , , , , , , , , , , , , , , , , , , , , , , , , , , , , , , , , , , , , , , , , , , , , , , , , , , , , , , , , , , , , , , , , , , , , , , , , , , , , , , , , , , , , ,26.6,117.8,4, , , , , , , , , , , , , , , , , , , , , , , , , , , ,8,330
1884191N15127,1884,17,WP,MM,UNNAMED,1884-07-12 12:00:00,TS,26.9,117.6, , , ,main,0,0,___________P___, , , , , , , , ,-5, , , , , , , , , , , , , , , , , , , , , , , , , , , , , , , , , , , , , , , , , , , , , , , , , , , , , , , , , , , , , , , , , , , , , , , , , , , , , , , , , , , , , , , , , , , , , , , , , , , , , , , , , , , , , , , , , , , , ,26.9,117.6,4, , , , , , , , , , , , , , , , , , , , , , , , , , , ,7,335
1884191N15127,1884,17,WP,MM,UNNAMED,1884-07-12 15:00:00,TS,27.2,117.4, , , ,main,0,0,___________P___, , , , , , , , ,-5, , , , , , , , , , , , , , , , , , , , , , , , , , , , , , , , , , , , , , , , , , , , , , , , , , , , , , , , , , , , , , , , , , , , , , , , , , , , , , , , , , , , , , , , , , , , , , , , , , , , , , , , , , , , , , , , , , , , ,27.2,117.4,4, , , , , , , , , , , , , , , , , , , , , , , , , , , ,6,340
1884191N15127,1884,17,WP,MM,UNNAMED,1884-07-12 16:00:00,TS,27.3,117.4, , , ,main,0,0,___________O___, , , , , , , , ,-5, , , , , , , , , , , , , , , , , , , , , , , , , , , , , , , , , , , , , , , , , , , , , , , , , , , , , , , , , , , , , , , , , , , , , , , , , , , , , , , , , , , , , , , , , , , , , , , , , , , , , , , , , , , , , , , , , , , , ,27.3,117.4,4, , , , , , , , , , , , , , , , , , , , , , , , , , , ,6,350
1884191N15127,1884,17,WP,MM,UNNAMED,1884-07-12 18:00:00,TS,27.5,117.4, , , ,main,0,0,___________P___, , , , , , , , ,-5, , , , , , , , , , , , , , , , , , , , , , , , , , , , , , , , , , , , , , , , , , , , , , , , , , , , , , , , , , , , , , , , , , , , , , , , , , , , , , , , , , , , , , , , , , , , , , , , , , , , , , , , , , , , , , , , , , , , ,27.5,117.4,4, , , , , , , , , , , , , , , , , , , , , , , , , , , ,6,355
1884191N15127,1884,17,WP,MM,UNNAMED,1884-07-12 21:00:00,TS,27.8,117.3, , , ,main,0,0,___________P___, , , , , , , , ,-5, , , , , , , , , , , , , , , , , , , , , , , , , , , , , , , , , , , , , , , , , , , , , , , , , , , , , , , , , , , , , , , , , , , , , , , , , , , , , , , , , , , , , , , , , , , , , , , , , , , , , , , , , , , , , , , , , , , , ,27.8,117.3,4, , , , , , , , , , , , , , , , , , , , , , , , , , , ,6,0
1884191N15127,1884,17,WP,MM,UNNAMED,1884-07-13 00:00:00,TS,28.1,117.4, , , ,main,0,0,___________P___, , , , , , , , ,-5, , , , , , , , , , , , , , , , , , , , , , , , , , , , , , , , , , , , , , , , , , , , , , , , , , , , , , , , , , , , , , , , , , , , , , , , , , , , , , , , , , , , , , , , , , , , , , , , , , , , , , , , , , , , , , , , , , , , ,28.1,117.4,4, , , , , , , , , , , , , , , , , , , , , , , , , , , ,7,5
1884191N15127,1884,17,WP,MM,UNNAMED,1884-07-13 03:00:00,TS,28.5,117.4, , , ,main,0,0,___________P___, , , , , , , , ,-5, , , , , , , , , , , , , , , , , , , , , , , , , , , , , , , , , , , , , , , , , , , , , , , , , , , , , , , , , , , , , , , , , , , , , , , , , , , , , , , , , , , , , , , , , , , , , , , , , , , , , , , , , , , , , , , , , , , , ,28.5,117.4,4, , , , , , , , , , , , , , , , , , , , , , , , , , , ,7,5
1884191N15127,1884,17,WP,MM,UNNAMED,1884-07-13 04:00:00,TS,28.6,117.4, , , ,main,0, ,___________O___, , , , , , , , ,-5, , , , , , , , , , , , , , , , , , , , , , , , , , , , , , , , , , , , , , , , , , , , , , , , , , , , , , , , , , , , , , , , , , , , , , , , , , , , , , , , , , , , , , , , , , , , , , , , , , , , , , , , , , , , , , , , , , , , ,28.6,117.4,4, , , , , , , , , , , , , , , , , , , , , , , , , , , ,7,0
1884201N18129,1884,21,WP,MM,UNNAMED,1884-07-18 16:00:00,NR,18.0,128.5, , , ,main,634,626,___________O___, , , , , , , , ,-5, , , , , , , , , , , , , , , , , , , , , , , , , , , , , , , , , , , , , , , , , , , , , , , , , , , , , , , , , , , , , , , , , , , , , , , , , , , , , , , , , , , , , , , , , , , , , , , , , , , , , , , , , , , , , , , , , , , , ,18.0,128.5,7, , , , , , , , , , , , , , , , , , , , , , , , , , , ,3,310
1884201N18129,1884,21,WP,MM,UNNAMED,1884-07-18 18:00:00,NR,18.1,128.4, , , ,main,634,627,___________P___, , , , , , , , ,-5, , , , , , , , , , , , , , , , , , , , , , , , , , , , , , , , , , , , , , , , , , , , , , , , , , , , , , , , , , , , , , , , , , , , , , , , , , , , , , , , , , , , , , , , , , , , , , , , , , , , , , , , , , , , , , , , , , , , ,18.1,128.4,7, , , , , , , , , , , , , , , , , , , , , , , , , , , ,3,310
1884201N18129,1884,21,WP,MM,UNNAMED,1884-07-18 21:00:00,NR,18.2,128.3, , , ,main,629,618,___________P___, , , , , , , , ,-5, , , , , , , , , , , , , , , , , , , , , , , , , , , , , , , , , , , , , , , , , , , , , , , , , , , , , , , , , , , , , , , , , , , , , , , , , , , , , , , , , , , , , , , , , , , , , , , , , , , , , , , , , , , , , , , , , , , , ,18.2,128.3,7, , , , , , , , , , , , , , , , , , , , , , , , , , , ,4,315
1884201N18129,1884,21,WP,MM,UNNAMED,1884-07-19 00:00:00,NR,18.3,128.2, , , ,main,621,601,___________P___, , , , , , , , ,-5, , , , , , , , , , , , , , , , , , , , , , , , , , , , , , , , , , , , , , , , , , , , , , , , , , , , , , , , , , , , , , , , , , , , , , , , , , , , , , , , , , , , , , , , , , , , , , , , , , , , , , , , , , , , , , , , , , , , ,18.3,128.2,7, , , , , , , , , , , , , , , , , , , , , , , , , , , ,5,320
1884201N18129,1884,21,WP,MM,UNNAMED,1884-07-19 03:00:00,NR,18.5,128.0, , , ,main,601,590,___________P___, , , , , , , , ,-5, , , , , , , , , , , , , , , , , , , , , , , , , , , , , , , , , , , , , , , , , , , , , , , , , , , , , , , , , , , , , , , , , , , , , , , , , , , , , , , , , , , , , , , , , , , , , , , , , , , , , , , , , , , , , , , , , , , , ,18.5,128.0,7, , , , , , , , , , , , , , , , , , , , , , , , , , , ,6,320
1884201N18129,1884,21,WP,MM,UNNAMED,1884-07-19 04:00:00,NR,18.6,127.9, , , ,main,590,570,___________O___, , , , , , , , ,-5, , , , , , , , , , , , , , , , , , , , , , , , , , , , , , , , , , , , , , , , , , , , , , , , , , , , , , , , , , , , , , , , , , , , , , , , , , , , , , , , , , , , , , , , , , , , , , , , , , , , , , , , , , , , , , , , , , , , ,18.6,127.9,7, , , , , , , , , , , , , , , , , , , , , , , , , , , ,8,325
1884201N18129,1884,21,WP,MM,UNNAMED,1884-07-19 06:00:00,NR,18.8,127.7, , , ,main,570,544,___________P___, , , , , , , , ,-5, , , , , , , , , , , , , , , , , , , , , , , , , , , , , , , , , , , , , , , , , , , , , , , , , , , , , , , , , , , , , , , , , , , , , , , , , , , , , , , , , , , , , , , , , , , , , , , , , , , , , , , , , , , , , , , , , , , , ,18.8,127.7,7, , , , , , , , , , , , , , , , , , , , , , , , , , , ,9,325
1884201N18129,1884,21,WP,MM,UNNAMED,1884-07-19 09:00:00,NR,19.2,127.4, , , ,main,544,525,___________P___, , , , , , , , ,-5, , , , , , , , , , , , , , , , , , , , , , , , , , , , , , , , , , , , , , , , , , , , , , , , , , , , , , , , , , , , , , , , , , , , , , , , , , , , , , , , , , , , , , , , , , , , , , , , , , , , , , , , , , , , , , , , , , , , ,19.2,127.4,7, , , , , , , , , , , , , , , , , , , , , , , , , , , ,10,325
1884201N18129,1884,21,WP,MM,UNNAMED,1884-07-19 12:00:00,NR,19.7,127.1, , , ,main,525,509,___________P___, , , , , , , , ,-5, , , , , , , , , , , , , , , , , , , , , , , , , , , , , , , , , , , , , , , , , , , , , , , , , , , , , , , , , , , , , , , , , , , , , , , , , , , , , , , , , , , , , , , , , , , , , , , , , , , , , , , , , , , , , , , , , , , , ,19.7,127.1,7, , , , , , , , , , , , , , , , , , , , , , , , , , , ,11,325
1884201N18129,1884,21,WP,MM,UNNAMED,1884-07-19 15:00:00,NR,20.1,126.8, , , ,main,509,503,___________P___, , , , , , , , ,-5, , , , , , , , , , , , , , , , , , , , , , , , , , , , , , , , , , , , , , , , , , , , , , , , , , , , , , , , , , , , , , , , , , , , , , , , , , , , , , , , , , , , , , , , , , , , , , , , , , , , , , , , , , , , , , , , , , , , ,20.1,126.8,7, , , , , , , , , , , , , , , , , , , , , , , , , , , ,12,330
1884201N18129,1884,21,WP,MM,UNNAMED,1884-07-19 16:00:00,NR,20.3,126.7, , , ,main,508,499,___________O___, , , , , , , , ,-5, , , , , , , , , , , , , , , , , , , , , , , , , , , , , , , , , , , , , , , , , , , , , , , , , , , , , , , , , , , , , , , , , , , , , , , , , , , , , , , , , , , , , , , , , , , , , , , , , , , , , , , , , , , , , , , , , , , , ,20.3,126.7,7, , , , , , , , , , , , , , , , , , , , , , , , , , , ,12,330
1884201N18129,1884,21,WP,MM,UNNAMED,1884-07-19 18:00:00,NR,20.6,126.5, , , ,main,504,500,___________P___, , , , , , , , ,-5, , , , , , , , , , , , , , , , , , , , , , , , , , , , , , , , , , , , , , , , , , , , , , , , , , , , , , , , , , , , , , , , , , , , , , , , , , , , , , , , , , , , , , , , , , , , , , , , , , , , , , , , , , , , , , , , , , , , ,20.6,126.5,7, , , , , , , , , , , , , , , , , , , , , , , , , , , ,12,330
1884201N18129,1884,21,WP,MM,UNNAMED,1884-07-19 21:00:00,NR,21.1,126.2, , , ,main,507,488,___________P___, , , , , , , , ,-5, , , , , , , , , , , , , , , , , , , , , , , , , , , , , , , , , , , , , , , , , , , , , , , , , , , , , , , , , , , , , , , , , , , , , , , , , , , , , , , , , , , , , , , , , , , , , , , , , , , , , , , , , , , , , , , , , , , , ,21.1,126.2,7, , , , , , , , , , , , , , , , , , , , , , , , , , , ,12,330
1884201N18129,1884,21,WP,MM,UNNAMED,1884-07-20 00:00:00,NR,21.7,125.9, , , ,main,488,445,___________P___, , , , , , , , ,-5, , , , , , , , , , , , , , , , , , , , , , , , , , , , , , , , , , , , , , , , , , , , , , , , , , , , , , , , , , , , , , , , , , , , , , , , , , , , , , , , , , , , , , , , , , , , , , , , , , , , , , , , , , , , , , , , , , , , ,21.7,125.9,7, , , , , , , , , , , , , , , , , , , , , , , , , , , ,11,330
1884201N18129,1884,21,WP,MM,UNNAMED,1884-07-20 03:00:00,NR,22.1,125.6, , , ,main,445,429,___________P___, , , , , , , , ,-5, , , , , , , , , , , , , , , , , , , , , , , , , , , , , , , , , , , , , , , , , , , , , , , , , , , , , , , , , , , , , , , , , , , , , , , , , , , , , , , , , , , , , , , , , , , , , , , , , , , , , , , , , , , , , , , , , , , , ,22.1,125.6,7, , , , , , , , , , , , , , , , , , , , , , , , , , , ,11,330
1884201N18129,1884,21,WP,MM,UNNAMED,1884-07-20 04:00:00,TS,22.3,125.5, , , ,main,429,403,___________O___, , , , , , , , ,-5, , , , , , , , , , , , , , , , , , , , , , , , , , , , , , , , , , , , , , , , , , , , , , , , , , , , , , , , , , , , , , , , , , , , , , , , , , , , , , , , , , , , , , , , , , , , , , , , , , , , , , , , , , , , , , , , , , , , ,22.3,125.5,3, , , , , , , , , , , , , , , , , , , , , , , , , , , ,10,330
1884201N18129,1884,21,WP,MM,UNNAMED,1884-07-20 06:00:00,TS,22.6,125.3, , , ,main,403,371,___________P___, , , , , , , , ,-5, , , , , , , , , , , , , , , , , , , , , , , , , , , , , , , , , , , , , , , , , , , , , , , , , , , , , , , , , , , , , , , , , , , , , , , , , , , , , , , , , , , , , , , , , , , , , , , , , , , , , , , , , , , , , , , , , , , , ,22.6,125.3,3, , , , , , , , , , , , , , , , , , , , , , , , , , , ,9,330
1884201N18129,1884,21,WP,MM,UNNAMED,1884-07-20 09:00:00,TS,22.9,125.1, , , ,main,371,333,___________P___, , , , , , , , ,-5, , , , , , , , , , , , , , , , , , , , , , , , , , , , , , , , , , , , , , , , , , , , , , , , , , , , , , , , , , , , , , , , , , , , , , , , , , , , , , , , , , , , , , , , , , , , , , , , , , , , , , , , , , , , , , , , , , , , ,22.9,125.1,3, , , , , , , , , , , , , , , , , , , , , , , , , , , ,8,330
1884201N18129,1884,21,WP,MM,UNNAMED,1884-07-20 12:00:00,TS,23.3,124.9, , , ,main,333,291,___________P___, , , , , , , , ,-5, , , , , , , , , , , , , , , , , , , , , , , , , , , , , , , , , , , , , , , , , , , , , , , , , , , , , , , , , , , , , , , , , , , , , , , , , , , , , , , , , , , , , , , , , , , , , , , , , , , , , , , , , , , , , , , , , , , , ,23.3,124.9,3, , , , , , , , , , , , , , , , , , , , , , , , , , , ,8,325
1884201N18129,1884,21,WP,MM,UNNAMED,1884-07-20 15:00:00,TS,23.6,124.6, , , ,main,291,278,___________P___, , , , , , , , ,-5, , , , , , , , , , , , , , , , , , , , , , , , , , , , , , , , , , , , , , , , , , , , , , , , , , , , , , , , , , , , , , , , , , , , , , , , , , , , , , , , , , , , , , , , , , , , , , , , , , , , , , , , , , , , , , , , , , , , ,23.6,124.6,3, , , , , , , , , , , , , , , , , , , , , , , , , , , ,8,320
1884201N18129,1884,21,WP,MM,UNNAMED,1884-07-20 16:00:00,TS,23.7,124.5, , , ,main,278,252,___________O___, , , , , , , , ,-5, , , , , , , , , , , , , , , , , , , , , , , , , , , , , , , , , , , , , , , , , , , , , , , , , , , , , , , , , , , , , , , , , , , , , , , , , , , , , , , , , , , , , , , , , , , , , , , , , , , , , , , , , , , , , , , , , , , , ,23.7,124.5,4, , , , , , , , , , , , , , , , , , , , , , , , , , , ,8,320
1884201N18129,1884,21,WP,MM,UNNAMED,1884-07-20 18:00:00,TS,23.9,124.3, , , ,main,252,215,___________P___, , , , , , , , ,-5, , , , , , , , , , , , , , , , , , , , , , , , , , , , , , , , , , , , , , , , , , , , , , , , , , , , , , , , , , , , , , , , , , , , , , , , , , , , , , , , , , , , , , , , , , , , , , , , , , , , , , , , , , , , , , , , , , , , ,23.9,124.3,4, , , , , , , , , , , , , , , , , , , , , , , , , , , ,9,320
1884201N18129,1884,21,WP,MM,UNNAMED,1884-07-20 21:00:00,TS,24.2,124.0, , , ,main,215,170,___________P___, , , , , , , , ,-5, , , , , , , , , , , , , , , , , , , , , , , , , , , , , , , , , , , , , , , , , , , , , , , , , , , , , , , , , , , , , , , , , , , , , , , , , , , , , , , , , , , , , , , , , , , , , , , , , , , , , , , , , , , , , , , , , , , , ,24.2,124.0,4, , , , , , , , , , , , , , , , , , , , , , , , , , , ,9,315
1884201N18129,1884,21,WP,MM,UNNAMED,1884-07-21 00:00:00,TS,24.5,123.6, , , ,main,170,122,___________P___, , , , , , , , ,-5, , , , , , , , , , , , , , , , , , , , , , , , , , , , , , , , , , , , , , , , , , , , , , , , , , , , , , , , , , , , , , , , , , , , , , , , , , , , , , , , , , , , , , , , , , , , , , , , , , , , , , , , , , , , , , , , , , , , ,24.5,123.6,4, , , , , , , , , , , , , , , , , , , , , , , , , , , ,9,310
1884201N18129,1884,21,WP,MM,UNNAMED,1884-07-21 03:00:00,TS,24.8,123.2, , , ,main,122,111,___________P___, , , , , , , , ,-5, , , , , , , , , , , , , , , , , , , , , , , , , , , , , , , , , , , , , , , , , , , , , , , , , , , , , , , , , , , , , , , , , , , , , , , , , , , , , , , , , , , , , , , , , , , , , , , , , , , , , , , , , , , , , , , , , , , , ,24.8,123.2,4, , , , , , , , , , , , , , , , , , , , , , , , , , , ,9,310
1884201N18129,1884,21,WP,MM,UNNAMED,1884-07-21 04:00:00,TS,24.9,123.1, , , ,main,111,81,___________O___, , , , , , , , ,-5, , , , , , , , , , , , , , , , , , , , , , , , , , , , , , , , , , , , , , , , , , , , , , , , , , , , , , , , , , , , , , , , , , , , , , , , , , , , , , , , , , , , , , , , , , , , , , , , , , , , , , , , , , , , , , , , , , , , ,24.9,123.1,4, , , , , , , , , , , , , , , , , , , , , , , , , , , ,9,305
1884201N18129,1884,21,WP,MM,UNNAMED,1884-07-21 06:00:00,TS,25.1,122.8, , , ,main,81,52,___________P___, , , , , , , , ,-5, , , , , , , , , , , , , , , , , , , , , , , , , , , , , , , , , , , , , , , , , , , , , , , , , , , , , , , , , , , , , , , , , , , , , , , , , , , , , , , , , , , , , , , , , , , , , , , , , , , , , , , , , , , , , , , , , , , , ,25.1,122.8,4, , , , , , , , , , , , , , , , , , , , , , , , , , , ,9,300
1884201N18129,1884,21,WP,MM,UNNAMED,1884-07-21 09:00:00,TS,25.3,122.4, , , ,main,52,45,___________P___, , , , , , , , ,-5, , , , , , , , , , , , , , , , , , , , , , , , , , , , , , , , , , , , , , , , , , , , , , , , , , , , , , , , , , , , , , , , , , , , , , , , , , , , , , , , , , , , , , , , , , , , , , , , , , , , , , , , , , , , , , , , , , , , ,25.3,122.4,4, , , , , , , , , , , , , , , , , , , , , , , , , , , ,9,300
1884201N18129,1884,21,WP,MM,UNNAMED,1884-07-21 12:00:00,TS,25.5,121.9, , , ,main,45,45,___________P___, , , , , , , , ,-5, , , , , , , , , , , , , , , , , , , , , , , , , , , , , , , , , , , , , , , , , , , , , , , , , , , , , , , , , , , , , , , , , , , , , , , , , , , , , , , , , , , , , , , , , , , , , , , , , , , , , , , , , , , , , , , , , , , , ,25.5,121.9,4, , , , , , , , , , , , , , , , , , , , , , , , , , , ,10,295
1884201N18129,1884,21,WP,MM,UNNAMED,1884-07-21 15:00:00,TS,25.7,121.5, , , ,main,55,55,___________P___, , , , , , , , ,-5, , , , , , , , , , , , , , , , , , , , , , , , , , , , , , , , , , , , , , , , , , , , , , , , , , , , , , , , , , , , , , , , , , , , , , , , , , , , , , , , , , , , , , , , , , , , , , , , , , , , , , , , , , , , , , , , , , , , ,25.7,121.5,4, , , , , , , , , , , , , , , , , , , , , , , , , , , ,10,295
1884201N18129,1884,21,WP,MM,UNNAMED,1884-07-21 16:00:00,TS,25.8,121.3, , , ,main,67,67,___________O___, , , , , , , , ,-5, , , , , , , , , , , , , , , , , , , , , , , , , , , , , , , , , , , , , , , , , , , , , , , , , , , , , , , , , , , , , , , , , , , , , , , , , , , , , , , , , , , , , , , , , , , , , , , , , , , , , , , , , , , , , , , , , , , , ,25.8,121.3,4, , , , , , , , , , , , , , , , , , , , , , , , , , , ,11,295
1884201N18129,1884,21,WP,MM,UNNAMED,1884-07-21 18:00:00,TS,26.0,120.9, , , ,main,102,53,___________P___, , , , , , , , ,-5, , , , , , , , , , , , , , , , , , , , , , , , , , , , , , , , , , , , , , , , , , , , , , , , , , , , , , , , , , , , , , , , , , , , , , , , , , , , , , , , , , , , , , , , , , , , , , , , , , , , , , , , , , , , , , , , , , , , ,26.0,120.9,4, , , , , , , , , , , , , , , , , , , , , , , , , , , ,11,295
1884201N18129,1884,21,WP,MM,UNNAMED,1884-07-21 21:00:00,TS,26.2,120.4, , , ,main,53,0,___________P___, , , , , , , , ,-5, , , , , , , , , , , , , , , , , , , , , , , , , , , , , , , , , , , , , , , , , , , , , , , , , , , , , , , , , , , , , , , , , , , , , , , , , , , , , , , , , , , , , , , , , , , , , , , , , , , , , , , , , , , , , , , , , , , , ,26.2,120.4,4, , , , , , , , , , , , , , , , , , , , , , , , , , , ,11,295
1884201N18129,1884,21,WP,MM,UNNAMED,1884-07-22 00:00:00,TS,26.5,119.8, , , ,main,0,0,___________P___, , , , , , , , ,-5, , , , , , , , , , , , , , , , , , , , , , , , , , , , , , , , , , , , , , , , , , , , , , , , , , , , , , , , , , , , , , , , , , , , , , , , , , , , , , , , , , , , , , , , , , , , , , , , , , , , , , , , , , , , , , , , , , , , ,26.5,119.8,4, , , , , , , , , , , , , , , , , , , , , , , , , , , ,11,300
1884201N18129,1884,21,WP,MM,UNNAMED,1884-07-22 03:00:00,TS,26.7,119.3, , , ,main,0,0,___________P___, , , , , , , , ,-5, , , , , , , , , , , , , , , , , , , , , , , , , , , , , , , , , , , , , , , , , , , , , , , , , , , , , , , , , , , , , , , , , , , , , , , , , , , , , , , , , , , , , , , , , , , , , , , , , , , , , , , , , , , , , , , , , , , , ,26.7,119.3,4, , , , , , , , , , , , , , , , , , , , , , , , , , , ,10,300
1884201N18129,1884,21,WP,MM,UNNAMED,1884-07-22 04:00:00,TS,26.8,119.2, , , ,main,0,0,___________O___, , , , , , , , ,-5, , , , , , , , , , , , , , , , , , , , , , , , , , , , , , , , , , , , , , , , , , , , , , , , , , , , , , , , , , , , , , , , , , , , , , , , , , , , , , , , , , , , , , , , , , , , , , , , , , , , , , , , , , , , , , , , , , , , ,26.8,119.2,4, , , , , , , , , , , , , , , , , , , , , , , , , , , ,9,305
1884201N18129,1884,21,WP,MM,UNNAMED,1884-07-22 06:00:00,TS,27.0,118.9, , , ,main,0,0,___________P___, , , , , , , , ,-5, , , , , , , , , , , , , , , , , , , , , , , , , , , , , , , , , , , , , , , , , , , , , , , , , , , , , , , , , , , , , , , , , , , , , , , , , , , , , , , , , , , , , , , , , , , , , , , , , , , , , , , , , , , , , , , , , , , , ,27.0,118.9,4, , , , , , , , , , , , , , , , , , , , , , , , , , , ,8,310
1884201N18129,1884,21,WP,MM,UNNAMED,1884-07-22 09:00:00,TS,27.2,118.6, , , ,main,0,0,___________P___, , , , , , , , ,-5, , , , , , , , , , , , , , , , , , , , , , , , , , , , , , , , , , , , , , , , , , , , , , , , , , , , , , , , , , , , , , , , , , , , , , , , , , , , , , , , , , , , , , , , , , , , , , , , , , , , , , , , , , , , , , , , , , , , ,27.2,118.6,4, , , , , , , , , , , , , , , , , , , , , , , , , , , ,7,315
1884201N18129,1884,21,WP,MM,UNNAMED,1884-07-22 12:00:00,TS,27.5,118.4, , , ,main,0,0,___________P___, , , , , , , , ,-5, , , , , , , , , , , , , , , , , , , , , , , , , , , , , , , , , , , , , , , , , , , , , , , , , , , , , , , , , , , , , , , , , , , , , , , , , , , , , , , , , , , , , , , , , , , , , , , , , , , , , , , , , , , , , , , , , , , , ,27.5,118.4,4, , , , , , , , , , , , , , , , , , , , , , , , , , , ,7,325
1884201N18129,1884,21,WP,MM,UNNAMED,1884-07-22 15:00:00,TS,27.8,118.2, , , ,main,0,0,___________P___, , , , , , , , ,-5, , , , , , , , , , , , , , , , , , , , , , , , , , , , , , , , , , , , , , , , , , , , , , , , , , , , , , , , , , , , , , , , , , , , , , , , , , , , , , , , , , , , , , , , , , , , , , , , , , , , , , , , , , , , , , , , , , , , ,27.8,118.2,4, , , , , , , , , , , , , , , , , , , , , , , , , , , ,7,325
1884201N18129,1884,21,WP,MM,UNNAMED,1884-07-22 16:00:00,TS,27.9,118.1, , , ,main,0,0,___________O___, , , , , , , , ,-5, , , , , , , , , , , , , , , , , , , , , , , , , , , , , , , , , , , , , , , , , , , , , , , , , , , , , , , , , , , , , , , , , , , , , , , , , , , , , , , , , , , , , , , , , , , , , , , , , , , , , , , , , , , , , , , , , , , , ,27.9,118.1,4, , , , , , , , , , , , , , , , , , , , , , , , , , , ,7,330
1884201N18129,1884,21,WP,MM,UNNAMED,1884-07-22 18:00:00,TS,28.1,118.0, , , ,main,0,0,___________P___, , , , , , , , ,-5, , , , , , , , , , , , , , , , , , , , , , , , , , , , , , , , , , , , , , , , , , , , , , , , , , , , , , , , , , , , , , , , , , , , , , , , , , , , , , , , , , , , , , , , , , , , , , , , , , , , , , , , , , , , , , , , , , , , ,28.1,118.0,4, , , , , , , , , , , , , , , , , , , , , , , , , , , ,7,330
1884201N18129,1884,21,WP,MM,UNNAMED,1884-07-22 21:00:00,TS,28.4,117.8, , , ,main,0,0,___________P___, , , , , , , , ,-5, , , , , , , , , , , , , , , , , , , , , , , , , , , , , , , , , , , , , , , , , , , , , , , , , , , , , , , , , , , , , , , , , , , , , , , , , , , , , , , , , , , , , , , , , , , , , , , , , , , , , , , , , , , , , , , , , , , , ,28.4,117.8,4, , , , , , , , , , , , , , , , , , , , , , , , , , , ,7,335
1884201N18129,1884,21,WP,MM,UNNAMED,1884-07-23 00:00:00,TS,28.7,117.6, , , ,main,0,0,___________P___, , , , , , , , ,-5, , , , , , , , , , , , , , , , , , , , , , , , , , , , , , , , , , , , , , , , , , , , , , , , , , , , , , , , , , , , , , , , , , , , , , , , , , , , , , , , , , , , , , , , , , , , , , , , , , , , , , , , , , , , , , , , , , , , ,28.7,117.6,4, , , , , , , , , , , , , , , , , , , , , , , , , , , ,7,335
1884201N18129,1884,21,WP,MM,UNNAMED,1884-07-23 03:00:00,TS,29.0,117.5, , , ,main,0,0,___________P___, , , , , , , , ,-5, , , , , , , , , , , , , , , , , , , , , , , , , , , , , , , , , , , , , , , , , , , , , , , , , , , , , , , , , , , , , , , , , , , , , , , , , , , , , , , , , , , , , , , , , , , , , , , , , , , , , , , , , , , , , , , , , , , , ,29.0,117.5,4, , , , , , , , , , , , , , , , , , , , , , , , , , , ,7,335
1884201N18129,1884,21,WP,MM,UNNAMED,1884-07-23 04:00:00,TS,29.1,117.4, , , ,main,0, ,___________O___, , , , , , , , ,-5, , , , , , , , , , , , , , , , , , , , , , , , , , , , , , , , , , , , , , , , , , , , , , , , , , , , , , , , , , , , , , , , , , , , , , , , , , , , , , , , , , , , , , , , , , , , , , , , , , , , , , , , , , , , , , , , , , , , ,29.1,117.4,4, , , , , , , , , , , , , , , , , , , , , , , , , , , ,7,335
1884208N13127,1884,22,WP,MM,UNNAMED,1884-07-25 16:00:00,TS,12.9,126.6, , , ,main,142,124,___________O___, , , , , , , , ,-5, , , , , , , , , , , , , , , , , , , , , , , , , , , , , , , , , , , , , , , , , , , , , , , , , , , , , , , , , , , , , , , , , , , , , , , , , , , , , , , , , , , , , , , , , , , , , , , , , , , , , , , , , , , , , , , , , , , , ,12.9,126.6,4, , , , , , , , , , , , , , , , , , , , , , , , , , , ,23,310
1884208N13127,1884,22,WP,MM,UNNAMED,1884-07-25 18:00:00,TS,13.4,126.0, , , ,main,132,78,___________P___, , , , , , , , ,-5, , , , , , , , , , , , , , , , , , , , , , , , , , , , , , , , , , , , , , , , , , , , , , , , , , , , , , , , , , , , , , , , , , , , , , , , , , , , , , , , , , , , , , , , , , , , , , , , , , , , , , , , , , , , , , , , , , , , ,13.4,126.0,4, , , , , , , , , , , , , , , , , , , , , , , , , , , ,22,310
1884208N13127,1884,22,WP,MM,UNNAMED,1884-07-25 21:00:00,TS,14.1,125.1, , , ,main,78,59,___________P___, , , , , , , , ,-5, , , , , , , , , , , , , , , , , , , , , , , , , , , , , , , , , , , , , , , , , , , , , , , , , , , , , , , , , , , , , , , , , , , , , , , , , , , , , , , , , , , , , , , , , , , , , , , , , , , , , , , , , , , , , , , , , , , , ,14.1,125.1,4, , , , , , , , , , , , , , , , , , , , , , , , , , , ,21,310
1884208N13127,1884,22,WP,MM,UNNAMED,1884-07-26 00:00:00,TS,14.7,124.3, , , ,main,78,78,___________P___, , , , , , , , ,-5, , , , , , , , , , , , , , , , , , , , , , , , , , , , , , , , , , , , , , , , , , , , , , , , , , , , , , , , , , , , , , , , , , , , , , , , , , , , , , , , , , , , , , , , , , , , , , , , , , , , , , , , , , , , , , , , , , , , ,14.7,124.3,4, , , , , , , , , , , , , , , , , , , , , , , , , , , ,18,310
1884208N13127,1884,22,WP,MM,UNNAMED,1884-07-26 03:00:00,TS,15.2,123.7, , , ,main,141,134,___________P___, , , , , , , , ,-5, , , , , , , , , , , , , , , , , , , , , , , , , , , , , , , , , , , , , , , , , , , , , , , , , , , , , , , , , , , , , , , , , , , , , , , , , , , , , , , , , , , , , , , , , , , , , , , , , , , , , , , , , , , , , , , , , , , , ,15.2,123.7,4, , , , , , , , , , , , , , , , , , , , , , , , , , , ,15,305
1884208N13127,1884,22,WP,MM,UNNAMED,1884-07-26 04:00:00,TS,15.3,123.5, , , ,main,139,132,___________O___, , , , , , , , ,-5, , , , , , , , , , , , , , , , , , , , , , , , , , , , , , , , , , , , , , , , , , , , , , , , , , , , , , , , , , , , , , , , , , , , , , , , , , , , , , , , , , , , , , , , , , , , , , , , , , , , , , , , , , , , , , , , , , , , ,15.3,123.5,4, , , , , , , , , , , , , , , , , , , , , , , , , , , ,11,305
1884208N13127,1884,22,WP,MM,UNNAMED,1884-07-26 06:00:00,TS,15.5,123.2, , , ,main,132,100,___________P___, , , , , , , , ,-5, , , , , , , , , , , , , , , , , , , , , , , , , , , , , , , , , , , , , , , , , , , , , , , , , , , , , , , , , , , , , , , , , , , , , , , , , , , , , , , , , , , , , , , , , , , , , , , , , , , , , , , , , , , , , , , , , , , , ,15.5,123.2,4, , , , , , , , , , , , , , , , , , , , , , , , , , , ,8,300
1884208N13127,1884,22,WP,MM,UNNAMED,1884-07-26 09:00:00,TS,15.6,122.9, , , ,main,100,77,___________P___, , , , , , , , ,-5, , , , , , , , , , , , , , , , , , , , , , , , , , , , , , , , , , , , , , , , , , , , , , , , , , , , , , , , , , , , , , , , , , , , , , , , , , , , , , , , , , , , , , , , , , , , , , , , , , , , , , , , , , , , , , , , , , , , ,15.6,122.9,4, , , , , , , , , , , , , , , , , , , , , , , , , , , ,5,290
1884208N13127,1884,22,WP,MM,UNNAMED,1884-07-26 12:00:00,TS,15.7,122.7, , , ,main,77,69,___________P___, , , , , , , , ,-5, , , , , , , , , , , , , , , , , , , , , , , , , , , , , , , , , , , , , , , , , , , , , , , , , , , , , , , , , , , , , , , , , , , , , , , , , , , , , , , , , , , , , , , , , , , , , , , , , , , , , , , , , , , , , , , , , , , , ,15.7,122.7,4, , , , , , , , , , , , , , , , , , , , , , , , , , , ,3,280
1884208N13127,1884,22,WP,MM,UNNAMED,1884-07-26 15:00:00,TS,15.7,122.6, , , ,main,69,61,___________P___, , , , , , , , ,-5, , , , , , , , , , , , , , , , , , , , , , , , , , , , , , , , , , , , , , , , , , , , , , , , , , , , , , , , , , , , , , , , , , , , , , , , , , , , , , , , , , , , , , , , , , , , , , , , , , , , , , , , , , , , , , , , , , , , ,15.7,122.6,4, , , , , , , , , , , , , , , , , , , , , , , , , , , ,3,275
1884208N13127,1884,22,WP,MM,UNNAMED,1884-07-26 16:00:00,TS,15.7,122.5, , , ,main,61,39,___________O___, , , , , , , , ,-5, , , , , , , , , , , , , , , , , , , , , , , , , , , , , , , , , , , , , , , , , , , , , , , , , , , , , , , , , , , , , , , , , , , , , , , , , , , , , , , , , , , , , , , , , , , , , , , , , , , , , , , , , , , , , , , , , , , , ,15.7,122.5,4, , , , , , , , , , , , , , , , , , , , , , , , , , , ,4,290
1884208N13127,1884,22,WP,MM,UNNAMED,1884-07-26 18:00:00,TS,15.8,122.3, , , ,main,39,24,___________P___, , , , , , , , ,-5, , , , , , , , , , , , , , , , , , , , , , , , , , , , , , , , , , , , , , , , , , , , , , , , , , , , , , , , , , , , , , , , , , , , , , , , , , , , , , , , , , , , , , , , , , , , , , , , , , , , , , , , , , , , , , , , , , , , ,15.8,122.3,4, , , , , , , , , , , , , , , , , , , , , , , , , , , ,5,290
1884208N13127,1884,22,WP,MM,UNNAMED,1884-07-26 21:00:00,TS,15.8,122.1, , , ,main,24,11,___________P___, , , , , , , , ,-5, , , , , , , , , , , , , , , , , , , , , , , , , , , , , , , , , , , , , , , , , , , , , , , , , , , , , , , , , , , , , , , , , , , , , , , , , , , , , , , , , , , , , , , , , , , , , , , , , , , , , , , , , , , , , , , , , , , , ,15.8,122.1,4, , , , , , , , , , , , , , , , , , , , , , , , , , , ,5,290
1884208N13127,1884,22,WP,MM,UNNAMED,1884-07-27 00:00:00,TS,15.9,121.9, , , ,main,15,0,___________P___, , , , , , , , ,-5, , , , , , , , , , , , , , , , , , , , , , , , , , , , , , , , , , , , , , , , , , , , , , , , , , , , , , , , , , , , , , , , , , , , , , , , , , , , , , , , , , , , , , , , , , , , , , , , , , , , , , , , , , , , , , , , , , , , ,15.9,121.9,4, , , , , , , , , , , , , , , , , , , , , , , , , , , ,5,295
1884208N13127,1884,22,WP,MM,UNNAMED,1884-07-27 03:00:00,TS,16.1,121.6, , , ,main,0,0,___________P___, , , , , , , , ,-5, , , , , , , , , , , , , , , , , , , , , , , , , , , , , , , , , , , , , , , , , , , , , , , , , , , , , , , , , , , , , , , , , , , , , , , , , , , , , , , , , , , , , , , , , , , , , , , , , , , , , , , , , , , , , , , , , , , , ,16.1,121.6,4, , , , , , , , , , , , , , , , , , , , , , , , , , , ,6,295
1884208N13127,1884,22,WP,MM,UNNAMED,1884-07-27 04:00:00,TS,16.1,121.5, , , ,main,0,0,___________O___, , , , , , , , ,-5, , , , , , , , , , , , , , , , , , , , , , , , , , , , , , , , , , , , , , , , , , , , , , , , , , , , , , , , , , , , , , , , , , , , , , , , , , , , , , , , , , , , , , , , , , , , , , , , , , , , , , , , , , , , , , , , , , , , ,16.1,121.5,4, , , , , , , , , , , , , , , , , , , , , , , , , , , ,7,295
1884208N13127,1884,22,WP,MM,UNNAMED,1884-07-27 06:00:00,TS,16.2,121.3, , , ,main,0,0,___________P___, , , , , , , , ,-5, , , , , , , , , , , , , , , , , , , , , , , , , , , , , , , , , , , , , , , , , , , , , , , , , , , , , , , , , , , , , , , , , , , , , , , , , , , , , , , , , , , , , , , , , , , , , , , , , , , , , , , , , , , , , , , , , , , , ,16.2,121.3,4, , , , , , , , , , , , , , , , , , , , , , , , , , , ,8,295
1884208N13127,1884,22,WP,MM,UNNAMED,1884-07-27 09:00:00,TS,16.4,120.9, , , ,main,0,0,___________P___, , , , , , , , ,-5, , , , , , , , , , , , , , , , , , , , , , , , , , , , , , , , , , , , , , , , , , , , , , , , , , , , , , , , , , , , , , , , , , , , , , , , , , , , , , , , , , , , , , , , , , , , , , , , , , , , , , , , , , , , , , , , , , , , ,16.4,120.9,4, , , , , , , , , , , , , , , , , , , , , , , , , , , ,9,300
1884208N13127,1884,22,WP,MM,UNNAMED,1884-07-27 12:00:00,TS,16.6,120.5, , , ,main,0,0,___________P___, , , , , , , , ,-5, , , , , , , , , , , , , , , , , , , , , , , , , , , , , , , , , , , , , , , , , , , , , , , , , , , , , , , , , , , , , , , , , , , , , , , , , , , , , , , , , , , , , , , , , , , , , , , , , , , , , , , , , , , , , , , , , , , , ,16.6,120.5,4, , , , , , , , , , , , , , , , , , , , , , , , , , , ,9,300
1884208N13127,1884,22,WP,MM,UNNAMED,1884-07-27 15:00:00,TS,16.8,120.0, , , ,main,39,39,___________P___, , , , , , , , ,-5, , , , , , , , , , , , , , , , , , , , , , , , , , , , , , , , , , , , , , , , , , , , , , , , , , , , , , , , , , , , , , , , , , , , , , , , , , , , , , , , , , , , , , , , , , , , , , , , , , , , , , , , , , , , , , , , , , , , ,16.8,120.0,4, , , , , , , , , , , , , , , , , , , , , , , , , , , ,9,300
1884208N13127,1884,22,WP,MM,UNNAMED,1884-07-27 16:00:00,TS,16.9,119.9, , , ,main,54,54,___________O___, , , , , , , , ,-5, , , , , , , , , , , , , , , , , , , , , , , , , , , , , , , , , , , , , , , , , , , , , , , , , , , , , , , , , , , , , , , , , , , , , , , , , , , , , , , , , , , , , , , , , , , , , , , , , , , , , , , , , , , , , , , , , , , , ,16.9,119.9,4, , , , , , , , , , , , , , , , , , , , , , , , , , , ,8,295
1884208N13127,1884,22,WP,MM,UNNAMED,1884-07-27 18:00:00,TS,17.0,119.7, , , ,main,77,77,___________P___, , , , , , , , ,-5, , , , , , , , , , , , , , , , , , , , , , , , , , , , , , , , , , , , , , , , , , , , , , , , , , , , , , , , , , , , , , , , , , , , , , , , , , , , , , , , , , , , , , , , , , , , , , , , , , , , , , , , , , , , , , , , , , , , ,17.0,119.7,4, , , , , , , , , , , , , , , , , , , , , , , , , , , ,7,295
1884208N13127,1884,22,WP,MM,UNNAMED,1884-07-27 21:00:00,TS,17.2,119.4, , , ,main,105,113,___________P___, , , , , , , , ,-5, , , , , , , , , , , , , , , , , , , , , , , , , , , , , , , , , , , , , , , , , , , , , , , , , , , , , , , , , , , , , , , , , , , , , , , , , , , , , , , , , , , , , , , , , , , , , , , , , , , , , , , , , , , , , , , , , , , , ,17.2,119.4,4, , , , , , , , , , , , , , , , , , , , , , , , , , , ,7,295
1884208N13127,1884,22,WP,MM,UNNAMED,1884-07-28 00:00:00,TS,17.3,119.0, , , ,main,140,139,___________P___, , , , , , , , ,-5, , , , , , , , , , , , , , , , , , , , , , , , , , , , , , , , , , , , , , , , , , , , , , , , , , , , , , , , , , , , , , , , , , , , , , , , , , , , , , , , , , , , , , , , , , , , , , , , , , , , , , , , , , , , , , , , , , , , ,17.3,119.0,4, , , , , , , , , , , , , , , , , , , , , , , , , , , ,8,300
1884208N13127,1884,22,WP,MM,UNNAMED,1884-07-28 03:00:00,TS,17.5,118.6, , , ,main,180,180,___________P___, , , , , , , , ,-5, , , , , , , , , , , , , , , , , , , , , , , , , , , , , , , , , , , , , , , , , , , , , , , , , , , , , , , , , , , , , , , , , , , , , , , , , , , , , , , , , , , , , , , , , , , , , , , , , , , , , , , , , , , , , , , , , , , , ,17.5,118.6,4, , , , , , , , , , , , , , , , , , , , , , , , , , , ,9,300
1884208N13127,1884,22,WP,MM,UNNAMED,1884-07-28 04:00:00,TS,17.6,118.5, , , ,main,190,190,___________O___, , , , , , , , ,-5, , , , , , , , , , , , , , , , , , , , , , , , , , , , , , , , , , , , , , , , , , , , , , , , , , , , , , , , , , , , , , , , , , , , , , , , , , , , , , , , , , , , , , , , , , , , , , , , , , , , , , , , , , , , , , , , , , , , ,17.6,118.5,4, , , , , , , , , , , , , , , , , , , , , , , , , , , ,10,300
1884208N13127,1884,22,WP,MM,UNNAMED,1884-07-28 06:00:00,TS,17.8,118.2, , , ,main,223,234,___________P___, , , , , , , , ,-5, , , , , , , , , , , , , , , , , , , , , , , , , , , , , , , , , , , , , , , , , , , , , , , , , , , , , , , , , , , , , , , , , , , , , , , , , , , , , , , , , , , , , , , , , , , , , , , , , , , , , , , , , , , , , , , , , , , , ,17.8,118.2,4, , , , , , , , , , , , , , , , , , , , , , , , , , , ,12,300
1884208N13127,1884,22,WP,MM,UNNAMED,1884-07-28 09:00:00,TS,18.1,117.6, , , ,main,291,291,___________P___, , , , , , , , ,-5, , , , , , , , , , , , , , , , , , , , , , , , , , , , , , , , , , , , , , , , , , , , , , , , , , , , , , , , , , , , , , , , , , , , , , , , , , , , , , , , , , , , , , , , , , , , , , , , , , , , , , , , , , , , , , , , , , , , ,18.1,117.6,4, , , , , , , , , , , , , , , , , , , , , , , , , , , ,13,300