vnum,eruptions_total,eruptions_since_1800,eruptions_since_1900,eruptions_since_2000,vei_max,last_confirmed_year,last_confirmed_vei,uncertain_eruptions
211040,22,5,3,0,3,1934,2,0
213040,3,1,0,0,3,1840,3,2
221270,5,0,0,0,,1550,,0
241020,2,0,0,0,,1446,,0
263090,21,19,14,3,2,2019,1,1
266100,30,28,26,9,3,2015,2,1
272020,31,31,28,8,3,2024,3,2
283280,7,0,0,0,3,1550,1,0
290240,20,19,17,5,4,2020,1,2
290380,20,15,13,5,2,2022,2,1
300070,50,11,8,1,3,2010,1,3
300123,5,0,0,0,3,-550,2,0
311110,18,7,7,2,2,2023,1,4
314060,1,0,0,0,,300,,0
343030,51,46,14,0,3,1966,0,2
351012,8,0,0,0,4,1720,4,0
355110,3,3,0,0,2,1877,2,0
357070,26,19,11,2,3,2016,2,6
357122,8,0,0,0,0,560,,0
358080,1,0,0,0,,-5550,,0
243080,8,8,7,6,3,2025,,1
250010,4,2,1,0,2,1953,2,1
259010,4,0,0,0,,-2900,,0
264250,14,14,13,2,3,2021,0,2
265090,23,7,2,0,3,1988,3,4
267010,13,13,5,2,4,2024,4,1
283080,5,2,0,0,2,1839,2,1
284121,1,1,1,0,0,1953,0,5
285050,27,17,14,1,3,2004,1,1
290070,7,7,7,2,2,2013,2,0
290260,11,11,10,6,3,2022,2,1
300260,111,92,73,18,4,2025,,2
312150,8,0,0,0,,-500,,4
315030,2,0,0,0,6,847,6,0
332030,6,0,0,0,,-2460,,0
344040,48,42,42,17,4,2025,,6
390030,24,8,4,0,3,1970,3,3
223020,48,47,42,10,3,2018,0,1
234010,11,11,11,4,2,2012,0,2
241050,31,21,19,0,5,1981,1,0
261120,7,7,3,0,2,1986,1,3
263060,22,20,5,0,3,1957,2,4
263350,9,7,6,0,2,1999,1,2
264270,11,11,11,3,2,2021,1,3
283260,16,11,8,0,2,1997,1,1
284050,18,0,0,0,5,1606,2,1
285011,8,2,0,0,3,1874,1,0
290010,3,1,0,0,1,1848,1,0
300130,53,36,33,6,6,2025,,0
259804,1,0,0,0,,-5050,,0
267030,6,6,3,0,3,1918,3,1
222170,1,1,0,0,2,1800,2,0
314010,1,0,0,0,,-1280,,1
390050,0,0,0,0,,,,2
266130,7,4,0,0,5,1880,1,0
283010,6,1,1,0,4,1989,1,1
243030,4,4,4,1,1,2017,0,1
284030,4,0,0,0,4,838,4,1
284150,1,1,1,0,2,1906,2,3
344010,5,3,0,0,5,1859,,2
355011,8,0,0,0,,-320,,0
358052,2,0,0,0,,200,,0
214090,2,0,0,0,,-778,,1
257090,1,1,0,0,0,1881,0,1
290200,3,3,2,0,2,1960,2,2
311210,3,3,1,0,3,1937,3,3
335020,0,0,0,0,,,,1
355090,1,1,0,0,,1810,,1
357121,4,0,0,0,4,255,3,1
213021,0,0,0,0,,,,1
222051,8,1,1,0,0,1910,0,0
243060,11,9,5,2,2,2015,0,1
253060,1,0,0,0,,1350,,0
266020,2,2,1,1,1,2005,1,0
283200,5,0,0,0,1,837,1,0
234000,1,1,1,0,0,1995,0,0
327120,2,0,0,0,0,-1170,0,0
341030,4,1,0,0,6,1870,3,0
357123,1,0,0,0,,1750,,0
358070,7,1,1,0,5,1910,2,0
273083,9,4,4,1,6,2021,1,0
284060,7,0,0,0,4,1780,3,0
284200,4,4,4,4,3,2007,2,0
300122,6,0,0,0,3,1350,1,0
346010,8,0,0,0,,1550,,0
358012,1,0,0,0,,-190,,0
261070,1,1,0,0,,1881,,0
271031,3,0,0,0,,80,,0
284011,1,0,0,0,0,-4550,0,0
290290,4,3,0,0,4,1872,4,1
311070,12,9,8,0,3,1989,1,4
315020,5,4,3,0,4,1911,1,9
357050,1,1,1,0,3,1932,3,0
382001,2,0,0,0,,-950,,0
305030,2,0,0,0,3,1776,2,0
222090,3,0,0,0,,1770,,0
344130,0,0,0,0,,,,2
213002,0,0,0,0,,,,2
300150,2,0,0,0,,-4450,,0
311390,3,0,0,0,,1796,,0
211031,1,0,0,0,,-8040,,0
222130,3,1,0,0,2,1855,2,0
221113,4,1,1,1,3,2005,3,0
222100,3,1,0,0,0,1863,0,0
243040,7,6,6,3,5,2021,5,0
234002,1,0,0,0,2,1793,2,0
261130,0,0,0,0,,,,1
283031,2,0,0,0,,1200,,0
285080,6,0,0,0,,1320,,0
306040,4,0,0,0,,1007,,0
212050,4,3,0,0,2,1888,2,0
242010,0,0,0,0,,,,2
284041,2,0,0,0,,-4100,,0
300124,2,0,0,0,4,-800,2,0
306030,3,0,0,0,6,-2990,,0
263220,1,0,0,0,1,1730,1,0
351021,4,0,0,0,,-850,,0
274060,3,0,0,0,,1454,,0
283040,4,4,4,2,3,2014,3,1
371070,3,0,0,0,0,-3350,0,0
321060,2,0,0,0,2,-5750,2,0
322100,1,0,0,0,,-2790,,0
341070,1,0,0,0,,-1350,,0
312080,1,0,0,0,6,-1900,6,0
321040,15,0,0,0,2,950,2,0
344070,23,23,20,0,3,1999,2,1
351080,36,23,17,8,3,2012,2,6
241021,2,0,0,0,5,-5055,5,0
341092,1,0,0,0,,-3920,,0
351110,1,1,1,0,2,1936,2,0
273042,1,0,0,0,,-3500,,0
302060,2,0,0,0,,737,,0
283290,1,0,0,0,,1787,,0
354005,1,0,0,0,,-700,,0
222040,1,0,0,0,,-6550,,0
284210,0,0,0,0,,,,6
300512,1,0,0,0,,-800,,0
354010,15,1,1,0,4,1985,1,7
358062,2,0,0,0,5,-1253,5,0
211030,23,0,0,0,3,1302,,1
223030,19,19,14,2,2,2002,1,1
225050,6,0,0,0,4,-2950,0,0
243070,10,9,5,1,2,2019,1,2
252100,2,0,0,0,,950,,0
263050,5,4,4,0,2,1938,2,1
263130,24,21,0,0,3,1847,2,2
283190,43,16,2,0,4,1940,1,8
290340,9,1,0,0,3,1854,3,2
300520,1,0,0,0,,-7050,,0
311320,40,35,26,0,5,1992,1,7
312140,4,2,2,0,,1953,,0
321050,40,14,4,1,6,2004,2,4
332040,22,1,0,0,2,1800,0,0
341060,10,1,1,0,4,1943,4,1
345033,27,2,2,0,4,1968,3,1
352080,31,10,7,5,5,2012,3,6
355020,4,4,3,0,2,1960,2,2
357110,56,50,35,4,5,2008,3,2
374010,2,0,0,0,5,1727,4,0
211020,54,9,1,0,5,1913,3,7
214020,2,0,0,0,,-750,,0
243100,6,5,4,0,4,1957,,2
252080,19,7,6,3,6,2012,2,1
263200,30,24,20,7,3,2024,1,3
263300,64,64,26,6,4,2019,4,2
264030,19,17,15,4,7,2016,2,2
264050,20,19,17,3,3,2022,2,2
275110,1,0,0,0,,-5750,,1
343050,5,1,1,0,4,1917,3,1
355160,0,0,0,0,,,,1
358041,5,1,1,1,5,2008,4,0
371040,9,0,0,0,2,1341,2,0
221250,3,1,1,0,1,1900,1,0
222160,4,3,1,0,4,1910,2,0
251030,11,5,3,0,4,1979,2,8
285010,5,0,0,0,4,1790,2,1
312090,16,1,1,0,6,1931,4,1
353020,16,12,9,2,4,2022,2,1
257070,12,11,10,0,3,1974,0,6
282060,28,15,15,11,7,2025,1,2
283120,28,21,18,1,4,2018,1,3
284134,1,1,1,0,0,1959,0,1
300190,32,1,1,1,4,2025,,0
311180,11,6,4,0,5,1993,2,2
311350,6,2,0,0,6,1830,2,0
312070,24,23,20,9,6,2021,1,2
321030,20,0,0,0,4,1450,,7
324020,14,0,0,0,0,-130,0,0
342020,0,0,0,0,,,,2
351030,12,4,1,0,5,1943,2,0
211070,6,4,0,0,3,1867,0,2
234011,4,4,4,2,1,2005,0,1
243010,2,2,2,0,0,1932,0,0
261050,5,5,2,0,2,1937,,1
261080,5,4,4,4,4,2020,3,1
266010,3,3,2,0,4,1983,4,0
300083,1,0,0,0,2,-8050,2,0
322010,5,2,0,0,2,1865,2,3
342040,3,1,0,0,3,1818,2,0
343060,2,1,0,0,6,1879,3,0
351070,2,1,0,0,4,1897,4,0
351090,4,0,0,0,4,-930,4,0
371030,11,0,0,0,2,1340,1,0
283210,7,3,3,0,2,1950,2,1
290050,2,2,1,0,2,1932,2,0
313020,7,2,0,0,4,1876,3,8
300200,2,0,0,0,3,-3350,2,0
221010,5,4,1,1,3,2007,3,0
224004,3,3,2,0,,1923,,0
265040,1,1,0,0,2,1892,2,0
333060,10,10,10,0,0,1987,0,2
345020,30,27,23,9,4,2021,2,4
352040,1,1,0,0,2,1895,2,2
356020,1,1,0,0,1,1835,1,1
357140,3,3,3,0,4,1979,2,0
300450,3,0,0,0,3,1600,,0
357111,2,0,0,0,5,1240,,0
285041,1,0,0,0,,-5830,,0
357112,1,0,0,0,,-5050,,0
231180,0,0,0,0,,,,1
386020,1,0,0,0,0,-50,0,0
221100,2,1,0,0,3,1861,3,2
327040,1,0,0,0,,1050,,0
358030,7,6,3,0,3,1920,2,0
222052,3,0,0,0,,-5050,,0
300273,1,0,0,0,,-4550,,0
300700,1,0,0,0,,-1550,,0
323150,2,0,0,0,2,1260,,0
383060,4,1,0,0,3,1824,2,0
303010,1,0,0,0,,-2980,,0
268061,2,0,0,0,3,1210,3,0
300271,1,0,0,0,,-5050,,0
360060,16,4,2,0,4,1976,2,3
373060,14,9,8,0,5,1961,2,0
382030,10,3,1,0,3,1902,0,1
382050,15,2,1,0,3,1998,0,0
390020,20,13,12,0,2,1972,1,2
212040,11,5,4,0,7,1950,2,0
353011,1,0,0,0,0,1150,0,0
355040,1,1,1,0,2,1995,2,1
390140,1,1,1,0,1,1962,1,0
213020,26,0,0,0,,1650,,1
224010,19,17,9,1,3,2000,2,0
251020,41,38,33,10,4,2018,4,5
256010,25,21,15,5,3,2018,2,3
257030,12,10,9,8,3,2025,,2
263340,70,65,51,12,5,2025,,6
266110,7,5,4,0,2,1977,0,0
284130,10,10,10,3,4,2021,4,28
284170,21,19,15,5,4,2021,2,3
285020,19,14,12,1,5,2000,1,4
290020,2,1,0,0,1,1880,1,1
290150,9,7,3,1,4,2012,0,0
290360,28,20,19,12,4,2023,2,1
341110,12,0,0,0,4,1794,2,4
351060,29,28,16,4,3,2025,,0
352002,1,0,0,0,3,-3740,3,0
353030,3,1,0,0,2,1813,2,0
357080,11,8,0,0,3,1869,2,3
358020,36,13,11,1,5,2015,4,0
358060,9,9,7,0,2,1979,2,1
371050,13,0,0,0,2,150,2,0
211071,7,1,0,0,1,1891,1,2
261230,33,33,24,8,2,2025,,0
263250,106,58,31,8,4,2020,1,6
282090,79,29,14,6,4,2025,,6
282100,11,2,2,0,2,1996,2,3
283070,38,26,26,0,4,1995,1,0
284100,2,2,2,1,1,2022,0,4
284110,4,3,2,1,2,2022,1,19
285081,7,0,0,0,6,1080,5,0
300023,2,0,0,0,7,-6440,7,0
311130,2,1,1,1,4,2008,4,3
322160,5,0,0,0,7,-2850,,0
323080,5,1,1,0,3,1914,3,1
243120,1,1,1,1,0,2008,0,0
261180,2,2,2,0,2,1921,2,0
282091,1,0,0,0,,-400,,0
311310,19,12,8,0,5,1995,1,8
352021,4,0,0,0,5,-320,5,0
386011,1,1,1,1,0,2004,0,0
250030,1,1,1,0,0,1972,0,0
264110,8,7,2,0,3,1969,3,3
268070,8,5,1,0,4,1988,3,3
285082,5,1,0,0,4,1800,3,0
300022,4,0,0,0,,350,,0
341090,41,11,10,2,5,2005,2,5
341100,23,1,0,0,5,1846,2,4
342110,32,14,11,8,3,2015,1,4
345070,21,14,10,10,4,2022,1,4
352010,26,22,15,4,4,2008,2,0
390013,1,0,0,0,,-1050,,0
264160,4,4,4,4,2,2008,2,1
271080,4,4,1,0,3,1948,3,0
283143,1,0,0,0,4,-4570,4,0
304030,1,1,1,0,2,1951,2,1
341021,3,2,2,0,2,1993,0,3
354000,1,0,0,0,,-4450,,0
355107,0,0,0,0,,,,1
360020,3,0,0,0,4,250,,0
231110,1,0,0,0,0,-1200,0,0
273050,0,0,0,0,,,,4
283140,11,5,1,0,3,1952,2,1
320080,1,0,0,0,0,-7050,0,0
327812,3,0,0,0,,-9450,,0
335030,0,0,0,0,,,,1
385030,0,0,0,0,,,,3
320140,1,0,0,0,,-5220,,0
211080,2,0,0,0,,-1050,,0
284211,1,1,1,1,0,2003,0,0
341061,1,0,0,0,0,-3050,0,0
358056,2,0,0,0,,1560,,0
258001,1,1,1,0,1,1996,1,0
334130,2,2,0,0,0,1890,0,0
221200,1,1,0,0,1,1820,1,0
300084,1,0,0,0,,-3550,,0
328010,1,0,0,0,2,-2200,2,0
231015,0,0,0,0,,,,1
300680,1,0,0,0,,-2050,,0
212042,1,0,0,0,4,1650,4,0
341062,2,0,0,0,,1270,,0
341024,0,0,0,0,,,,1
358054,2,0,0,0,,1710,,0
390015,1,1,0,0,,1892,,0
343080,0,0,0,0,,,,1
357061,4,0,0,0,0,-50,0,0
252110,4,1,0,0,3,1886,3,0
263140,6,5,3,0,5,1984,1,1
283250,2,0,0,0,,-5350,,0
300040,4,1,1,0,5,1923,3,2
342060,13,7,0,0,3,1853,3,2
352030,2,1,0,0,2,1801,2,1
255011,2,0,0,0,6,1580,6,0
332080,0,0,0,0,,,,1
221160,0,0,0,0,,,,1
255070,3,1,0,0,3,1835,3,1
300082,2,0,0,0,4,300,,0
311090,1,0,0,0,,1550,,0
333020,3,3,3,0,0,1972,0,0
382070,1,0,0,0,3,1720,3,1
311260,1,1,1,0,,1929,,0
282040,1,1,1,0,1,1914,1,1
273090,1,1,0,0,2,1860,2,0
320060,4,0,0,0,3,950,3,0
357153,2,0,0,0,5,-230,5,0
344080,3,2,2,0,2,1954,2,0
261270,2,2,2,1,4,2024,1,0
300210,3,0,0,0,,-188,,0
305011,1,0,0,0,,0,,0
214100,1,0,0,0,,-3000,,0
264100,7,7,5,0,2,1969,2,1
282021,1,1,0,0,2,1835,2,0
290210,4,1,0,0,4,1884,1,0
331031,3,1,1,0,0,1996,0,0
352090,11,9,9,8,3,2019,2,0
360140,1,0,0,0,1,1766,1,0
372050,10,0,0,0,3,1477,2,0
300020,4,0,0,0,3,1690,3,1
322020,2,0,0,0,,950,,0
331030,3,2,2,0,0,1986,0,0
343150,2,0,0,0,,-7638,,0
275001,2,2,1,0,,1933,,0
331040,1,0,0,0,0,-2260,0,0
357063,1,0,0,0,,-4890,,0
312200,1,0,0,0,,1710,,0
334100,1,1,1,0,0,1964,0,0
300560,1,0,0,0,,-550,,0
231090,2,0,0,0,2,500,0,0
334020,1,0,0,0,0,-50,0,0
252150,1,0,0,0,5,-4946,5,0
355109,1,0,0,0,,-5250,,0
233014,0,0,0,0,,,,3
241100,64,58,55,2,4,2007,1,2
242050,25,25,25,11,1,2014,1,2
245030,3,0,0,0,,1660,,0
252070,4,3,3,3,2,2008,2,0
263180,42,41,32,2,2,2014,2,4
263310,67,62,32,7,4,2023,1,5
264220,20,20,18,0,2,1993,1,0
265070,10,6,2,0,4,1921,2,2
282050,29,18,16,5,4,2020,1,2
283240,26,1,1,0,3,1919,1,3
285030,13,6,4,1,5,2000,2,1
290300,6,5,2,0,5,1933,5,0
300272,10,0,0,0,6,1500,,0
311190,5,4,3,0,3,1996,1,3
311360,40,37,28,4,3,2023,3,11
332060,40,0,0,0,,1750,,0
333030,2,2,2,0,0,1970,0,0
342160,0,0,0,0,,,,1
344090,19,11,3,1,4,2015,2,3
351040,7,0,0,0,,1180,,0
376010,7,5,3,0,4,1985,0,1
384010,12,8,4,1,2,2014,2,0
222120,26,22,20,5,3,2017,0,1
241070,25,0,0,0,6,260,0,0
255030,6,0,0,0,,-1050,,0
257040,58,56,46,4,6,2024,0,2
267020,59,57,50,13,3,2023,0,3
211003,0,0,0,0,,,,1
251050,11,9,9,0,6,1993,1,1
261030,7,7,7,1,2,2000,2,0
261170,38,38,33,13,2,2024,2,1
264040,7,4,1,0,7,1967,0,0
274020,5,5,4,0,2,1978,2,1
371020,22,4,3,3,4,2025,,2
373082,7,0,0,0,2,-300,2,0
243110,8,8,5,0,4,1946,2,4
268010,5,3,2,0,3,1933,3,0
282080,48,13,12,1,6,2017,2,5
283030,58,0,0,0,5,1707,5,9
283110,129,59,48,6,5,2019,2,16
357020,7,7,2,0,2,1960,2,0
390070,1,1,1,0,1,1975,1,0
371032,3,3,3,3,0,2023,0,0
213004,0,0,0,0,,,,5
223001,2,0,0,0,,-2120,,0
231060,1,0,0,0,2,650,2,0
243090,2,1,0,0,2,1854,2,0
253030,1,1,0,0,2,1890,2,1
258010,3,3,3,0,2,1956,0,4
313050,3,0,0,0,5,1200,,0
322070,6,0,0,0,4,439,2,0
233005,3,0,0,0,,-2050,,0
271011,3,0,0,0,5,1640,5,0
323170,1,0,0,0,1,-55500,1,0
324040,1,0,0,0,0,-3250,0,0
272080,1,1,1,0,1,1939,1,0
312100,1,0,0,0,5,-800,5,0
320200,1,0,0,0,3,-8060,3,0
385052,1,1,1,1,0,2001,0,0
320030,0,0,0,0,,,,1
272050,1,1,0,0,,1820,,0
300180,8,0,0,0,4,1550,,0
300552,1,0,0,0,1,-1060,1,0
382020,3,0,0,0,2,1720,2,1
264260,2,2,1,1,2,2007,2,2
283271,8,0,0,0,5,915,5,0
300100,55,16,7,1,5,2001,1,3
255050,1,1,1,0,,1910,,0
305060,7,2,1,0,6,1903,,3
221041,2,2,2,1,1,2011,0,0
283131,2,0,0,0,2,1544,2,0
312060,0,0,0,0,,,,1
354030,2,0,0,0,6,1600,6,0
355130,1,0,0,0,,750,,1
252040,3,1,0,0,6,1895,2,0
253010,3,1,1,0,4,1951,4,0
352011,4,0,0,0,5,290,,0
242021,1,0,0,0,6,-4360,6,2
373090,3,0,0,0,0,-900,0,0
284180,2,0,0,0,4,870,4,2
285061,2,1,0,0,2,1898,2,0
290250,4,2,2,1,4,2019,3,0
300030,6,1,1,0,5,1901,3,0
222161,1,0,0,0,1,-10450,1,0
283151,1,0,0,0,5,-3400,5,0
353080,1,1,1,0,2,1991,2,0
390081,1,1,1,1,1,2001,1,1
320150,2,0,0,0,,1550,,0
334070,2,2,2,0,0,1996,0,0
265030,0,0,0,0,,,,1
275080,1,0,0,0,3,-6050,3,1
221101,1,1,1,1,4,2011,4,0
261251,0,0,0,0,,,,2
242005,1,1,1,1,1,2012,1,0
284091,0,0,0,0,,,,1
282010,1,1,1,0,4,1924,4,0
290211,0,0,0,0,,,,1
300140,23,5,2,0,4,1952,2,0
311080,6,2,1,0,0,1914,0,2
311160,11,11,10,6,3,2025,1,7
313010,22,9,7,1,4,2005,3,0
315040,4,0,0,0,,-2360,,0
322110,11,0,0,0,4,690,4,0
341093,1,0,0,0,,-4470,,0
341120,13,2,1,0,5,1982,5,0
343100,41,36,27,10,3,2022,2,4
357066,1,0,0,0,0,-5050,0,0
360030,3,0,0,0,4,160,4,2
210020,8,0,0,0,,-4040,,0
211050,37,3,0,0,4,1888,3,7
221170,0,0,0,0,,,,2
241030,42,1,0,0,5,1800,,1
241040,39,39,35,9,3,2026,,4
244040,12,2,2,0,2,1905,2,0
252140,19,15,13,7,6,2014,3,0
261220,11,11,6,1,2,2000,1,2
263100,4,3,3,1,3,2002,2,0
282110,172,98,75,10,3,2021,2,15
282120,13,1,1,0,4,1995,1,1
283160,11,2,0,0,4,1888,4,3
283270,13,3,0,0,3,1863,1,16
284140,14,14,11,0,2,1952,2,2
300010,2,1,1,1,3,2017,3,0
300050,15,1,1,0,6,1907,5,0
311120,9,8,8,3,2,2021,2,7
311270,3,3,0,0,3,1878,2,4
332000,4,1,1,0,0,1996,0,4
300590,1,0,0,0,4,-7550,4,0
373050,8,3,3,0,1,1968,0,0
221290,2,0,0,0,5,-396,5,0
266030,41,39,35,13,3,2020,2,0
271060,8,7,1,0,2,1916,1,1
344120,33,32,29,7,4,2024,2,2
352006,22,0,0,0,4,1785,2,0
355012,6,0,0,0,4,290,4,0
355210,1,0,0,0,7,-2300,7,0
357120,152,64,41,7,5,2014,3,11
360150,22,6,4,1,4,2020,4,1
372030,128,3,1,0,5,1918,4,3
382110,2,2,2,0,1,1911,1,0
222166,3,0,0,0,5,1250,,0
290180,2,2,2,0,3,1957,3,0
382120,1,0,0,0,,-4500,,0
233040,1,1,1,1,0,2018,0,0
324030,1,0,0,0,2,-300,2,0
331010,2,0,0,0,0,-3490,0,0
358022,1,0,0,0,,1090,,0
290030,4,4,3,0,4,1981,2,1
352022,5,0,0,0,0,1773,0,0
257010,3,3,1,0,2,1965,2,1
300230,11,2,2,1,5,2010,3,0
311111,3,0,0,0,,-1600,,0
351100,2,2,1,0,2,1926,2,0
354004,3,0,0,0,,1490,,1
358063,4,3,1,0,2,1908,1,0
386010,2,1,1,0,2,1961,2,0
241140,1,0,0,0,,1360,,0
358049,2,0,0,0,,-6650,,1
372070,65,9,7,1,5,2000,3,0
231080,1,1,0,0,2,1810,2,0
382100,9,0,0,0,5,1630,5,0
241080,76,70,47,2,5,2012,2,3
242030,17,5,2,1,6,2006,1,1
257050,30,30,24,6,3,2007,2,2
262000,57,47,46,11,6,2021,2,1
263170,6,3,2,0,3,1951,2,1
274030,7,6,5,0,3,1924,2,1
284080,2,2,1,0,2,1916,0,23
300170,4,0,0,0,,200,,0
311050,2,1,0,0,1,1828,,0
321010,11,9,0,0,3,1880,2,9
322060,4,0,0,0,2,475,2,0
341080,8,0,0,0,4,399,3,0
344092,8,0,0,0,3,1060,3,0
351050,4,3,3,3,3,2008,3,0
354040,2,1,0,0,4,1802,4,3
355030,7,7,1,0,2,1913,2,1
357090,21,18,17,10,2,2024,1,1
373080,23,6,6,0,4,1984,0,0
245010,34,0,0,0,2,1550,0,0
257020,18,18,18,4,3,2022,1,1
263240,2,0,0,0,2,1797,2,1
263290,2,2,2,0,2,1952,0,1
275060,1,1,1,0,2,1923,2,0
282070,23,0,0,0,5,885,4,4
283090,20,12,10,0,4,1998,1,0
284010,99,41,35,0,4,1990,2,9
284040,39,16,13,10,4,2010,1,1
284070,15,15,12,0,2,1970,2,10
284141,12,12,12,6,2,2025,,1
285040,41,32,23,0,5,1981,1,2
285090,6,5,1,0,2,1935,1,1
290270,3,2,2,1,2,2010,2,0
311060,6,6,5,4,2,2021,2,4
312030,44,42,32,6,4,2021,2,4
344100,36,28,24,7,6,2015,1,4
351020,20,10,5,2,4,2014,2,4
354006,12,7,7,4,3,2025,,3
355050,0,0,0,0,,,,1
373030,44,5,3,1,6,2014,0,11
264230,11,10,5,3,3,2025,,0
313040,7,2,2,0,4,1992,4,0
358050,3,0,0,0,,-4920,,2
370010,10,0,0,0,2,200,,0
283020,8,1,1,1,3,2015,1,0
323200,3,0,0,0,,210,,0
341095,2,0,0,0,2,1145,2,0
211042,3,0,0,0,,1230,,0
214080,1,0,0,0,,-2000,,1
221112,2,2,2,0,2,1915,2,0
383020,4,1,1,1,2,2011,2,3
261160,13,13,9,5,2,2007,2,2
265060,4,4,4,0,2,1968,1,0
283230,18,4,3,0,4,1970,2,0
285034,3,1,0,0,1,1820,1,0
371022,5,2,1,0,4,1926,0,1
213030,2,1,0,0,,1855,,0
268030,5,5,5,3,2,2008,1,0
300360,1,0,0,0,3,-5310,3,0
311140,3,0,0,0,,-1150,,0
352003,4,0,0,0,5,650,,0
233020,198,155,102,30,5,2026,,6
385050,3,0,0,0,0,1508,0,0
358023,2,0,0,0,4,340,,1
234070,2,2,2,1,1,2004,1,0
283262,2,0,0,0,,-2050,,0
333010,4,4,4,0,0,1985,0,0
357091,2,1,1,0,2,1980,1,4
372020,5,2,1,1,4,2010,4,0
284193,1,1,1,1,3,2010,3,0
243061,1,1,0,0,2,1847,2,0
320100,2,0,0,0,,1690,,0
271040,2,2,0,0,2,1882,,2
312131,2,1,1,0,3,1977,3,0
357072,2,1,0,0,3,1822,,0
327110,1,0,0,0,,-3250,,0
334140,3,2,1,0,0,1915,0,0
344110,0,0,0,0,,,,1
355060,0,0,0,0,,,,1
244010,1,1,0,0,2,1866,2,0
358090,1,1,0,0,2,1820,2,1
225030,1,0,0,0,4,-2000,4,0
231001,1,0,0,0,,-2670,,0
241130,6,6,6,1,0,2008,0,0
251010,17,17,14,0,3,1960,2,5
252120,47,46,44,23,4,2025,,3
255060,31,31,31,3,2,2014,1,3
261140,68,67,49,12,2,2023,1,2
264071,2,2,2,0,3,1991,1,0
264080,1,0,0,0,,-8050,,0
283130,0,0,0,0,,,,2
283180,19,7,2,0,3,1977,1,5
284096,7,7,7,6,2,2022,2,8
284120,27,26,25,10,1,2025,1,6
290080,3,1,1,0,1,1951,1,0
311300,9,8,6,1,3,2016,3,3
312110,2,2,2,0,2,1998,1,1
312160,15,15,15,0,3,1974,3,0
331021,12,4,4,2,0,2015,0,0
332020,110,39,15,1,2,2022,0,1
334050,18,7,6,2,0,2025,0,0
344020,35,31,31,25,3,2024,1,3
353090,3,2,1,0,0,1904,0,0
357040,21,16,11,4,4,2025,,4
357150,26,10,9,1,5,2011,5,0
382081,7,0,0,0,2,1652,2,0
211010,20,0,0,0,5,1538,3,0
213010,1,0,0,0,,-6880,,1
243102,2,2,2,0,3,1979,1,0
251070,8,6,4,2,3,2007,1,4
260010,20,16,14,12,2,2025,,3
264180,24,23,17,4,3,2026,,2
273010,25,23,19,9,3,2025,,1
282043,4,0,0,0,,1190,,0
284190,1,1,0,0,2,1883,2,0
370030,5,0,0,0,3,960,2,0
221190,1,0,0,0,0,1789,0,0
305040,3,0,0,0,,-520,,0
285083,0,0,0,0,,,,1
221115,2,2,2,2,2,2009,2,0
290090,2,2,0,0,2,1860,1,0
353070,0,0,0,0,,,,1
263291,0,0,0,0,,,,1
312050,1,0,0,0,5,-1890,5,0
352060,1,0,0,0,6,1280,6,4
221091,2,1,1,1,,2025,,0
271070,0,0,0,0,,,,1
290310,2,1,1,0,6,1952,3,0
320180,1,0,0,0,5,-410,5,0
357060,9,9,8,0,5,1967,2,2
222030,10,6,2,0,2,1921,2,2
311240,22,22,20,11,3,2020,3,8
357010,18,18,14,0,2,1987,2,2
360160,15,14,14,3,1,2017,0,0
371060,11,0,0,0,3,-3500,2,0
383040,11,0,0,0,,40,,0
390010,2,2,0,0,2,1899,2,0
257060,9,9,9,3,3,2023,1,6
263320,41,40,0,0,3,1898,2,1
264020,5,5,3,2,5,2022,1,2
315001,1,0,0,0,2,-1050,2,0
375010,2,0,0,0,2,1755,,0
221141,1,0,0,0,,1631,,0
222060,2,0,0,0,6,-6050,6,0
271020,3,0,0,0,,1290,,1
257100,3,0,0,0,3,1270,3,0
264150,9,8,8,1,3,2012,3,1
282020,9,7,4,0,2,1968,1,0
290130,0,0,0,0,,,,2
300261,3,1,0,0,2,1890,2,0
360101,5,2,1,0,2,1997,1,0
221020,3,3,2,2,2,2013,2,1
263210,11,9,4,0,2,1971,2,0
283220,14,4,1,0,2,1974,1,17
290320,11,2,2,0,2,1938,2,1
300053,3,0,0,0,5,-300,0,0
300270,102,19,16,0,5,1999,2,1
313030,97,6,6,1,3,2009,3,2
265050,5,1,1,0,4,1904,2,0
284133,3,3,3,0,1,1973,1,10
300080,4,0,0,0,5,1776,2,2
311020,4,4,4,0,3,1990,2,3
321020,6,0,0,0,4,1700,2,1
323010,22,0,0,0,4,1250,,0
333050,4,0,0,0,0,-50,0,0
342030,3,3,3,0,6,1922,3,0
352050,85,44,12,2,5,2022,2,1
353010,33,30,23,6,4,2024,1,0
354020,25,17,12,6,5,2024,2,3
354050,1,0,0,0,5,-1320,5,0
357100,4,4,2,0,3,1988,3,1
358010,17,5,0,0,4,1869,2,0
358057,15,4,3,1,6,2011,2,0
211060,147,70,42,10,5,2022,2,23
243050,5,5,3,0,3,1936,2,4
252010,26,26,23,8,3,2015,2,4
267040,16,14,7,1,4,2004,2,3
273070,39,22,16,5,6,2024,2,1
283050,20,0,0,0,4,1659,2,5
283150,20,5,3,0,3,1963,1,1
284020,5,0,0,0,4,886,4,0
285060,5,0,0,0,,1739,,0
285070,37,20,19,4,4,2026,,2
290100,5,3,2,0,2,1999,1,1
290390,15,14,11,4,4,2022,2,2
300060,45,18,13,2,3,2000,1,0
300120,16,10,9,4,3,2016,2,0
300240,58,25,25,1,4,2012,3,2
312130,4,1,0,0,3,1814,3,1
320090,7,1,0,0,,1800,,1
341040,79,35,17,2,4,2019,1,6
284305,1,1,1,1,0,2013,0,0
283142,1,0,0,0,,-3050,,0
323120,13,0,0,0,4,1380,4,0
360110,4,0,0,0,,1270,,0
323020,9,0,0,0,3,1060,3,1
357041,1,0,0,0,,-6890,,0
281031,2,1,0,0,2,1853,2,0
305050,1,0,0,0,,350,,0
300160,2,0,0,0,,-550,,0
285032,2,0,0,0,,-1050,,0
341091,7,0,0,0,,-1170,,0
344091,4,0,0,0,6,-50,6,0
360050,9,3,3,2,3,2005,3,0
283060,3,0,0,0,3,-50,3,0
342090,61,31,21,1,4,2002,3,18
324010,1,0,0,0,0,-8180,0,0
373070,4,0,0,0,0,-1200,,0
373012,3,3,1,0,4,1902,4,0
221080,4,4,4,0,0,1967,0,3
273060,1,0,0,0,,1350,,0
300125,4,1,1,0,3,1996,3,0
322190,1,0,0,0,2,-1250,2,0
327050,1,0,0,0,,1290,,0
343020,13,7,3,1,3,2005,3,5
345060,24,16,8,0,3,1977,1,7
353060,14,11,10,1,3,2008,1,1
355100,33,31,25,8,4,2026,,5
360120,54,3,2,0,4,1929,3,0
357093,4,0,0,0,3,-4000,0,0
252130,3,2,2,0,4,1911,4,1
345030,2,1,1,0,1,1946,1,0
373100,1,1,0,0,,1867,,0
383010,14,3,3,1,3,2021,3,0
231070,2,0,0,0,3,1256,3,1
233010,34,33,15,4,3,2007,2,1
255020,25,25,19,1,4,2000,2,1
263160,0,0,0,0,,,,1
263280,37,17,10,2,5,2014,4,3
264010,25,25,19,0,2,1999,1,3
268040,13,11,10,1,5,2007,2,1
268060,67,47,22,7,3,2018,1,17
273030,66,62,30,17,4,2026,,3
282030,24,23,18,3,4,2004,2,3
300250,69,56,56,17,5,2024,,2
300280,14,0,0,0,5,1740,0,0
311290,18,16,11,1,6,2008,4,1
312170,1,1,1,0,3,1912,3,0
323110,4,0,0,0,,1790,,1
332010,75,42,37,5,4,2024,0,0
345040,63,55,48,13,2,2025,,2
352020,33,16,9,3,5,2002,1,11
353050,18,13,9,2,3,2018,2,0
372010,10,3,2,0,4,1973,3,0
373010,76,21,13,2,6,2011,4,9
382080,16,4,0,0,4,1880,0,0
383030,42,1,1,0,4,1909,2,3
312260,1,1,1,1,2,2006,2,0
341020,1,1,1,0,3,1952,3,0
223040,1,0,0,0,,-8050,,0
300021,1,0,0,0,,-4050,,0
300550,3,0,0,0,0,1250,,0
311340,7,5,3,0,4,1991,3,1
284090,6,6,5,1,3,2002,2,1
371080,6,0,0,0,2,950,2,0
390090,7,7,6,2,2,2014,1,1
244000,3,3,3,1,0,2003,0,0
254020,0,0,0,0,,,,1
283100,10,0,0,0,5,-750,,0
283141,1,0,0,0,,-9540,,0
284131,1,1,1,0,0,1975,0,5
342080,8,3,3,0,3,1972,1,0
355070,0,0,0,0,,,,10
357021,4,4,2,0,2,1912,2,9
223045,1,1,1,0,1,1957,1,0
290161,5,5,1,0,3,1914,2,1
300671,1,0,0,0,,-3450,,0
381040,1,1,0,0,0,1865,0,0
345050,1,0,0,0,4,-6050,4,1
290041,1,0,0,0,6,-10335,6,0
300090,7,4,3,1,3,2008,2,0
333040,0,0,0,0,,,,1
354031,1,1,0,0,,1800,,0
284160,1,1,1,0,4,1917,4,0
390130,2,2,1,1,2,2016,1,3
232050,0,0,0,0,,,,2
284202,3,3,3,1,1,2023,1,0
329010,1,0,0,0,1,1100,1,0
243091,2,2,2,2,3,2019,3,0
274010,1,1,0,0,2,1857,2,0
281032,2,0,0,0,1,648,0,0
243130,1,1,1,1,0,2008,0,0
212020,1,0,0,0,3,-258,3,1
302030,5,0,0,0,,-220,,0
341001,0,0,0,0,,,,2
264140,3,3,2,0,2,1968,1,0
290120,9,8,6,0,3,1973,1,2
311230,2,1,0,0,,1828,,2
312250,2,0,0,0,5,-3850,5,0
357160,1,1,0,0,,1850,,1
360010,1,0,0,0,,1640,,0
312190,1,0,0,0,,-1790,,0
322090,1,0,0,0,,-5800,,0
353040,2,2,2,0,1,1993,1,0
382090,10,0,0,0,5,1564,2,0
253040,1,1,1,0,3,1943,3,0
263040,7,6,6,0,1,1939,1,0
283122,3,0,0,0,5,550,5,0
210040,1,0,0,0,,-3600,,0
263330,0,0,0,0,,,,1
231160,1,0,0,0,3,1253,3,0
225060,1,0,0,0,,850,,0
244020,1,0,0,0,3,440,3,0
358040,7,2,0,0,6,1835,0,3
258020,4,4,1,0,0,1903,0,2
360100,2,0,0,0,,920,,0
290220,2,2,1,0,3,1957,1,0
300650,1,0,0,0,,-3550,,0
355010,0,0,0,0,,,,2
222164,2,0,0,0,5,1450,,0
390080,6,6,5,1,3,2016,1,0
261150,3,3,2,0,1,1924,1,1
331011,1,0,0,0,,-1180,,0
342120,1,0,0,0,,-960,,0
231040,1,0,0,0,,1000,,0
284132,0,0,0,0,,,,1
300221,1,0,0,0,0,-550,0,0
222053,1,0,0,0,4,-7550,4,0
334120,5,4,3,0,0,1990,0,0
358024,1,0,0,0,4,-590,4,0
329020,1,0,0,0,4,1075,4,0
264090,2,2,2,1,2,2001,2,0
390031,3,2,1,0,,1905,,0
263251,1,0,0,0,,-160,,0
285031,1,0,0,0,,-4900,,0
334021,1,0,0,0,0,-50,0,0
390022,1,0,0,0,0,-8350,0,0
224030,0,0,0,0,,,,2
273081,0,0,0,0,,,,1
283170,12,3,2,0,3,1996,1,1
300220,2,0,0,0,0,950,,0
334040,1,1,1,1,0,2003,0,0
341130,10,3,2,0,4,1986,1,1
382010,2,1,1,0,2,1957,2,0
322040,2,0,0,0,4,-950,4,0
352071,6,0,0,0,,550,,0
323160,1,0,0,0,,-150,,0
210010,2,0,0,0,,-8300,,0
221060,1,1,1,1,3,2008,3,0
251002,1,1,1,1,2,2018,2,1
300511,1,0,0,0,,-2240,,0
390041,0,0,0,0,,,,1
231120,0,0,0,0,,,,1
382040,1,0,0,0,,-1950,,0
351011,2,0,0,0,4,-5390,4,0
357130,2,2,1,0,2,1937,,0
282081,2,0,0,0,3,-6200,3,0
390027,3,0,0,0,,-5550,,0
357030,1,1,1,0,1,1917,1,1
214070,1,0,0,0,0,-1900,0,0
221122,1,1,1,0,2,1928,2,0
300551,1,0,0,0,4,850,4,0
390028,1,0,0,0,4,-207,4,1
311380,1,0,0,0,5,-7600,5,0
221126,1,1,1,0,1,1978,1,0
374020,0,0,0,0,,,,1
282130,3,0,0,0,4,867,3,0
352004,1,0,0,0,,-5550,,0
290040,0,0,0,0,,,,1
390110,0,0,0,0,,,,2
211004,0,0,0,0,,,,1
222010,0,0,0,0,,,,1
390100,3,2,1,0,2,1911,2,1
283002,3,0,0,0,4,650,,0
312180,1,1,1,0,6,1912,6,0
341010,0,0,0,0,,,,2
214010,1,0,0,0,,50,,0
300121,1,0,0,0,2,390,2,0
212030,1,0,0,0,1,140,1,0
322030,1,0,0,0,,680,,0
352001,1,0,0,0,5,-6650,5,0
356040,0,0,0,0,,,,1
232010,1,0,0,0,0,-5350,0,0
255010,0,0,0,0,,,,1
290190,2,1,0,0,3,1825,2,0
352031,1,0,0,0,,-2450,,0
377020,1,1,1,0,2,1999,2,0
321070,1,0,0,0,,-6250,,0
283001,1,0,0,0,,-6850,,0
222020,1,1,0,0,1,1888,1,0
331020,2,2,2,0,0,1993,0,0
341003,3,0,0,0,,-1141,,0
322170,1,0,0,0,4,-5610,4,0
